-- phpMyAdmin SQL Dump
-- version 5.2.0
-- https://www.phpmyadmin.net/
--
-- Servidor: 127.0.0.1
-- Tiempo de generación: 02-04-2024 a las 11:27:10
-- Versión del servidor: 10.4.27-MariaDB
-- Versión de PHP: 8.2.0

SET SQL_MODE = "NO_AUTO_VALUE_ON_ZERO";
START TRANSACTION;
SET time_zone = "+00:00";


/*!40101 SET @OLD_CHARACTER_SET_CLIENT=@@CHARACTER_SET_CLIENT */;
/*!40101 SET @OLD_CHARACTER_SET_RESULTS=@@CHARACTER_SET_RESULTS */;
/*!40101 SET @OLD_COLLATION_CONNECTION=@@COLLATION_CONNECTION */;
/*!40101 SET NAMES utf8mb4 */;

--
-- Base de datos: `prueba`
--

-- --------------------------------------------------------

--
-- Estructura de tabla para la tabla `failed_jobs`
--

CREATE TABLE `failed_jobs` (
  `id` bigint(20) UNSIGNED NOT NULL,
  `uuid` varchar(255) NOT NULL,
  `connection` text NOT NULL,
  `queue` text NOT NULL,
  `payload` longtext NOT NULL,
  `exception` longtext NOT NULL,
  `failed_at` timestamp NOT NULL DEFAULT current_timestamp()
) ENGINE=InnoDB DEFAULT CHARSET=utf8mb4 COLLATE=utf8mb4_unicode_ci;

-- --------------------------------------------------------

--
-- Estructura de tabla para la tabla `migrations`
--

CREATE TABLE `migrations` (
  `id` int(10) UNSIGNED NOT NULL,
  `migration` varchar(255) NOT NULL,
  `batch` int(11) NOT NULL
) ENGINE=InnoDB DEFAULT CHARSET=utf8mb4 COLLATE=utf8mb4_unicode_ci;

--
-- Volcado de datos para la tabla `migrations`
--

INSERT INTO `migrations` (`id`, `migration`, `batch`) VALUES
(1, '2014_10_12_000000_create_users_table', 1),
(2, '2014_10_12_100000_create_password_reset_tokens_table', 1),
(3, '2019_08_19_000000_create_failed_jobs_table', 1),
(4, '2019_12_14_000001_create_personal_access_tokens_table', 1),
(5, '2024_02_26_210414_create_votantes_table', 1),
(6, '2024_02_27_183750_create_liders_table', 1),
(7, '2024_02_28_014918_create_permission_tables', 1);

-- --------------------------------------------------------

--
-- Estructura de tabla para la tabla `model_has_permissions`
--

CREATE TABLE `model_has_permissions` (
  `permission_id` bigint(20) UNSIGNED NOT NULL,
  `model_type` varchar(255) NOT NULL,
  `model_id` bigint(20) UNSIGNED NOT NULL
) ENGINE=InnoDB DEFAULT CHARSET=utf8mb4 COLLATE=utf8mb4_unicode_ci;

-- --------------------------------------------------------

--
-- Estructura de tabla para la tabla `model_has_roles`
--

CREATE TABLE `model_has_roles` (
  `role_id` bigint(20) UNSIGNED NOT NULL,
  `model_type` varchar(255) NOT NULL,
  `model_id` bigint(20) UNSIGNED NOT NULL
) ENGINE=InnoDB DEFAULT CHARSET=utf8mb4 COLLATE=utf8mb4_unicode_ci;

--
-- Volcado de datos para la tabla `model_has_roles`
--

INSERT INTO `model_has_roles` (`role_id`, `model_type`, `model_id`) VALUES
(1, 'App\\Models\\User', 1),
(2, 'App\\Models\\User', 22),
(3, 'App\\Models\\User', 22);

-- --------------------------------------------------------

--
-- Estructura de tabla para la tabla `observaciones`
--

CREATE TABLE `observaciones` (
  `id` int(11) NOT NULL,
  `nombre` varchar(100) NOT NULL,
  `created_at` timestamp NULL DEFAULT NULL,
  `updated_at` timestamp NULL DEFAULT NULL
) ENGINE=InnoDB DEFAULT CHARSET=utf8mb4 COLLATE=utf8mb4_general_ci;

-- --------------------------------------------------------

--
-- Estructura de tabla para la tabla `observacion_promovido`
--

CREATE TABLE `observacion_promovido` (
  `id` int(11) NOT NULL,
  `promovido_id` int(11) NOT NULL,
  `observacion_id` int(11) NOT NULL,
  `created_at` timestamp NULL DEFAULT NULL,
  `updated_at` timestamp NULL DEFAULT NULL
) ENGINE=InnoDB DEFAULT CHARSET=utf8mb4 COLLATE=utf8mb4_general_ci;

-- --------------------------------------------------------

--
-- Estructura de tabla para la tabla `ocupaciones`
--

CREATE TABLE `ocupaciones` (
  `id` bigint(20) NOT NULL,
  `nombre` varchar(100) NOT NULL,
  `created_at` timestamp NULL DEFAULT NULL,
  `updated_at` timestamp NULL DEFAULT NULL
) ENGINE=InnoDB DEFAULT CHARSET=utf8mb4 COLLATE=utf8mb4_general_ci;

--
-- Volcado de datos para la tabla `ocupaciones`
--

INSERT INTO `ocupaciones` (`id`, `nombre`, `created_at`, `updated_at`) VALUES
(1, 'gruero', NULL, NULL),
(2, 'costurera', NULL, NULL),
(3, 'programador', '2024-03-11 04:21:59', '2024-03-11 04:21:59'),
(4, 'Ninguna', NULL, NULL),
(5, 'Maestro', NULL, NULL),
(6, 'Ninguna', NULL, NULL),
(7, 'maestra', '2024-03-22 06:11:35', '2024-03-22 06:11:35'),
(8, 'soldador', '2024-03-22 06:15:38', '2024-03-22 06:15:38'),
(9, 'doctor', '2024-03-22 06:16:37', '2024-03-22 06:16:37'),
(10, 'Trailero', '2024-03-22 06:26:52', '2024-03-22 06:26:52'),
(11, 'Trailero', '2024-03-22 06:27:07', '2024-03-22 06:27:07'),
(12, 'farmaceutico', '2024-03-22 06:54:38', '2024-03-22 06:54:38'),
(13, 'heladero', '2024-03-22 06:55:32', '2024-03-22 06:55:32');

-- --------------------------------------------------------

--
-- Estructura de tabla para la tabla `password_reset_tokens`
--

CREATE TABLE `password_reset_tokens` (
  `email` varchar(255) NOT NULL,
  `token` varchar(255) NOT NULL,
  `created_at` timestamp NULL DEFAULT NULL
) ENGINE=InnoDB DEFAULT CHARSET=utf8mb4 COLLATE=utf8mb4_unicode_ci;

-- --------------------------------------------------------

--
-- Estructura de tabla para la tabla `permissions`
--

CREATE TABLE `permissions` (
  `id` bigint(20) UNSIGNED NOT NULL,
  `name` varchar(255) NOT NULL,
  `guard_name` varchar(255) NOT NULL,
  `created_at` timestamp NULL DEFAULT NULL,
  `updated_at` timestamp NULL DEFAULT NULL
) ENGINE=InnoDB DEFAULT CHARSET=utf8mb4 COLLATE=utf8mb4_unicode_ci;

--
-- Volcado de datos para la tabla `permissions`
--

INSERT INTO `permissions` (`id`, `name`, `guard_name`, `created_at`, `updated_at`) VALUES
(1, 'ver-promovidos', 'web', '2024-02-28 07:56:19', '2024-02-28 07:56:19'),
(2, 'agregar-promovidos', 'web', '2024-02-28 07:56:19', '2024-02-28 07:56:19'),
(3, 'actualizar-promovidos', 'web', '2024-02-28 07:56:19', '2024-02-28 07:56:19'),
(4, 'eliminar-promovidos', 'web', '2024-02-28 07:56:19', '2024-02-28 07:56:19'),
(5, 'ver-usuarios', 'web', '2024-02-28 07:56:19', '2024-02-28 07:56:19'),
(6, 'agregar-usuarios', 'web', '2024-02-28 07:56:19', '2024-02-28 07:56:19'),
(7, 'actualizar-usuarios', 'web', '2024-02-28 07:56:19', '2024-02-28 07:56:19'),
(8, 'eliminar-usuarios', 'web', '2024-02-28 07:56:19', '2024-02-28 07:56:19');

-- --------------------------------------------------------

--
-- Estructura de tabla para la tabla `personal_access_tokens`
--

CREATE TABLE `personal_access_tokens` (
  `id` bigint(20) UNSIGNED NOT NULL,
  `tokenable_type` varchar(255) NOT NULL,
  `tokenable_id` bigint(20) UNSIGNED NOT NULL,
  `name` varchar(255) NOT NULL,
  `token` varchar(64) NOT NULL,
  `abilities` text DEFAULT NULL,
  `last_used_at` timestamp NULL DEFAULT NULL,
  `expires_at` timestamp NULL DEFAULT NULL,
  `created_at` timestamp NULL DEFAULT NULL,
  `updated_at` timestamp NULL DEFAULT NULL
) ENGINE=InnoDB DEFAULT CHARSET=utf8mb4 COLLATE=utf8mb4_unicode_ci;

-- --------------------------------------------------------

--
-- Estructura de tabla para la tabla `promovidos`
--

CREATE TABLE `promovidos` (
  `id` int(11) NOT NULL,
  `id_seccion` int(10) NOT NULL,
  `nombre` varchar(250) NOT NULL,
  `apellido_pat` varchar(50) DEFAULT NULL,
  `apellido_mat` varchar(50) DEFAULT NULL,
  `localidad_y_domicilio` varchar(250) DEFAULT NULL,
  `clave_elec` varchar(50) DEFAULT NULL,
  `telefono` varchar(20) DEFAULT NULL,
  `correo` varchar(250) DEFAULT NULL,
  `facebook` varchar(250) DEFAULT NULL,
  `id_ocupacion` bigint(20) DEFAULT NULL,
  `escolaridad` varchar(250) DEFAULT NULL,
  `fecha_captura` date DEFAULT NULL,
  `genero` varchar(20) DEFAULT NULL,
  `edad` varchar(10) DEFAULT NULL,
  `id_usuario` bigint(20) DEFAULT NULL,
  `id_promotor` bigint(20) DEFAULT NULL,
  `created_at` timestamp NULL DEFAULT NULL,
  `updated_at` timestamp NULL DEFAULT NULL
) ENGINE=InnoDB DEFAULT CHARSET=utf8mb4 COLLATE=utf8mb4_general_ci;

--
-- Volcado de datos para la tabla `promovidos`
--

INSERT INTO `promovidos` (`id`, `id_seccion`, `nombre`, `apellido_pat`, `apellido_mat`, `localidad_y_domicilio`, `clave_elec`, `telefono`, `correo`, `facebook`, `id_ocupacion`, `escolaridad`, `fecha_captura`, `genero`, `edad`, `id_usuario`, `id_promotor`, `created_at`, `updated_at`) VALUES
(1, 1, 'LUCIA', 'RAMIREZ', 'MARTIN', 'C. 35A PONIENTE S/N, BARR. LA UNIDAD', NULL, NULL, NULL, NULL, NULL, NULL, NULL, 'M', '69', NULL, NULL, '2024-04-01 21:12:33', '2024-04-01 21:12:33'),
(2, 1, 'NATIVIDAD', 'GOMEZ', 'AGUILAR', 'C. 33A PONIENTE S/N, BARR. LA UNIDAD', NULL, NULL, NULL, NULL, NULL, NULL, NULL, 'M', '37', NULL, NULL, '2024-04-01 21:12:33', '2024-04-01 21:12:33'),
(3, 1, 'DEYSI YURIMA', 'MENDEZ', 'REYNOSA', 'C. 31 A PONIENTE 10, BARR. LA UNIDAD', NULL, NULL, NULL, NULL, NULL, NULL, NULL, 'M', '27', NULL, NULL, '2024-04-01 21:12:33', '2024-04-01 21:12:33'),
(4, 1, 'MARTHA JULIA', 'VELAZCO', 'ESCOBAR', 'PRIV. S/N NOMBRE S/N, BARR. LA UNIDAD', NULL, NULL, NULL, NULL, NULL, NULL, NULL, 'M', '26', NULL, NULL, '2024-04-01 21:12:33', '2024-04-01 21:12:33'),
(5, 1, 'KENIA ARACELI', 'PEREZ', 'BARTOLON', 'C. 35 PONIENTE S/N, BARR. LA UNIDAD', NULL, NULL, NULL, NULL, NULL, NULL, NULL, 'M', '20', NULL, NULL, '2024-04-01 21:12:33', '2024-04-01 21:12:33'),
(6, 1, 'CENOVIA', 'BARTOLON', 'PEREZ', 'C. 35A PONIENTE S/N, BARR. LA UNIDAD', NULL, NULL, NULL, NULL, NULL, NULL, NULL, 'M', '61', NULL, NULL, '2024-04-01 21:12:33', '2024-04-01 21:12:33'),
(7, 1, 'MARINA', 'SANCHEZ', 'ROBLEDO', 'C. 17A PONIENTE 29, BARR. LA UNIDAD', NULL, '9622228731', NULL, NULL, NULL, NULL, NULL, 'M', '60', NULL, NULL, '2024-04-01 21:12:33', '2024-04-01 21:12:33'),
(8, 1, 'UBALDINO', 'VENTURA', 'DIAZ', 'C. 17A PONIENTE S/N, BARR. LA UNIDAD', NULL, '9621021721', NULL, NULL, NULL, NULL, NULL, 'M', '59', NULL, NULL, '2024-04-01 21:12:33', '2024-04-01 21:12:33'),
(9, 1, 'ALONSO ', 'BARTOLON', 'REBECA', 'AV. 16 NTE 19, BARR. LA UNIDAD', NULL, NULL, NULL, NULL, NULL, NULL, NULL, 'H', '54', NULL, NULL, '2024-04-01 21:12:33', '2024-04-01 21:12:33'),
(10, 1, 'PEDRO', 'BARRIONUEVO', 'RAMIREZ', 'CANTON SAN JOAQUIN S/N', NULL, '9621384413', NULL, NULL, NULL, NULL, NULL, 'H', '51', NULL, NULL, '2024-04-01 21:12:33', '2024-04-01 21:12:33'),
(11, 1, 'ALFREDO', 'MENDEZ', 'PEREZ', 'AV. 16 NTE 21, BARR. LA UNIDAD', NULL, '9621497607', NULL, NULL, NULL, NULL, NULL, 'H', '46', NULL, NULL, '2024-04-01 21:12:33', '2024-04-01 21:12:33'),
(12, 1, 'MARIA ELENA', 'CASTRO', 'CASH', 'BARRIO LA UNIDAD', NULL, NULL, NULL, NULL, NULL, NULL, NULL, 'M', '44', NULL, NULL, '2024-04-01 21:12:33', '2024-04-01 21:12:33'),
(13, 1, 'YERENI SOLEDAD', 'VENTURA', 'SANCHEZ', 'C. 17 A PTE 29, BARR. LA UNIDAD', NULL, '9622560130', NULL, NULL, NULL, NULL, NULL, 'M', '27', NULL, NULL, '2024-04-01 21:12:33', '2024-04-01 21:12:33'),
(14, 1, 'MIGUEL ALEXANDER', 'JIMENEZ', 'PEREZ', '22 AV. ENTRE 22AV NTE Y 9NA PTE SECTOR ETA', NULL, '9622578775', NULL, NULL, NULL, NULL, NULL, 'H', '34', NULL, NULL, '2024-04-01 21:12:33', '2024-04-01 21:12:33'),
(15, 1, 'IRANY', 'CASTRO', 'CASH', ' 17 A PONIENTE 23 BARR. LA UNIDAD', NULL, '9622851954', NULL, NULL, NULL, NULL, NULL, 'M', '31', NULL, NULL, '2024-04-01 21:12:33', '2024-04-01 21:12:33'),
(16, 1, 'ADRIANA GUADALUPE', 'REYNOSA', '', '15 A PTE. ENTRE 14 Y 16 NTE B. LA UNIDAD', NULL, '9622909705', NULL, NULL, NULL, NULL, NULL, 'M', NULL, NULL, NULL, '2024-04-01 21:12:33', '2024-04-01 21:12:33'),
(17, 1, 'DIEGO GUADALUPE', 'MARTINEZ', 'RAMOS', 'AV. 16A NTE 10, BARR. LA UNIDAD', NULL, '9616477761', NULL, NULL, NULL, NULL, NULL, 'H', '22', NULL, NULL, '2024-04-01 21:12:33', '2024-04-01 21:12:33'),
(18, 1, 'ALMA ROSA', 'MARTINEZ', 'RAMOS', 'AV. 16 NTE, BARR. LA UNIDA', NULL, NULL, NULL, NULL, NULL, NULL, NULL, 'M', '57', NULL, NULL, '2024-04-01 21:12:33', '2024-04-01 21:12:33'),
(19, 1, 'IRMA', 'LOPEZ', 'RAMOS', 'C. 11A PTE 20, BARR. LA UNIDAD', NULL, NULL, NULL, NULL, NULL, NULL, NULL, 'M', '39', NULL, NULL, '2024-04-01 21:12:33', '2024-04-01 21:12:33'),
(20, 1, 'DORA LUZ', 'VENTURA', 'SANCHEZ', 'C. 17A PTE 14 BARR. LA UNIDAD', NULL, '9621033025', NULL, NULL, NULL, NULL, NULL, 'M', '29', NULL, NULL, '2024-04-01 21:12:33', '2024-04-01 21:12:33'),
(21, 1, 'ERNESTO ANANIAS', 'LOPEZ', 'BARTOLON', '16 AV NTE 16 BARR. LA UNIDAD', NULL, '9621010395', NULL, NULL, NULL, NULL, NULL, 'H', '59', NULL, NULL, '2024-04-01 21:12:33', '2024-04-01 21:12:33'),
(22, 1, 'ARTURO', 'ROBLERO', 'PAZ', 'CALLE SIN NUMERO B. LA UNIDAD', NULL, '9621222471', NULL, NULL, NULL, NULL, NULL, 'H', '48', NULL, NULL, '2024-04-01 21:12:33', '2024-04-01 21:12:33'),
(23, 1, 'LETICIA ', 'HONORATO', 'ZEPEDA', '2DA AV NTE S/N . BARR. LA UNIDAD', NULL, '9621119938', NULL, NULL, NULL, NULL, NULL, 'M', '41', NULL, NULL, '2024-04-01 21:12:33', '2024-04-01 21:12:33'),
(24, 1, 'REBECA', 'SOLIS', 'BARRIOS', 'AV CENTRAL NTE. BARR. LA UNIDAD', NULL, '9622828771', NULL, NULL, NULL, NULL, NULL, 'M', NULL, NULL, NULL, '2024-04-01 21:12:33', '2024-04-01 21:12:33'),
(25, 1, 'ANA', 'ROSA', 'ROBLEDO	SOLIS', 'CARRETERA UNION JUAREZ S/N B. LA UNIDAD', NULL, '9625104358', NULL, NULL, NULL, NULL, NULL, 'M', NULL, NULL, NULL, '2024-04-01 21:12:33', '2024-04-01 21:12:33'),
(26, 1, 'JOSE MANUEL', 'ROBLEDO', '	DE', 'AV CENTRAL NTE. BARR. LA UNIDAD', NULL, '9622137274', NULL, NULL, NULL, NULL, NULL, 'H', NULL, NULL, NULL, '2024-04-01 21:12:33', '2024-04-01 21:12:33'),
(27, 1, 'REYNA ', 'ROBLERO', 'GOMEZ', 'AV 10A NTE 35. BARR. LA UNIDAD', NULL, '9621346112', NULL, NULL, NULL, NULL, NULL, 'M', NULL, NULL, NULL, '2024-04-01 21:12:33', '2024-04-01 21:12:33'),
(28, 1, 'NELY YANETH', 'MONZON', 'ROBLERO', 'AV 10A NTE 35. BARR. LA UNIDAD', NULL, '9621491409', NULL, NULL, NULL, NULL, NULL, 'M', NULL, NULL, NULL, '2024-04-01 21:12:33', '2024-04-01 21:12:33'),
(29, 1, 'HERMOGENES DIAZ', 'DE', 'LEON', 'C.29 PTE S/N B. LA UNIDAD', NULL, NULL, NULL, NULL, NULL, NULL, NULL, 'H', NULL, NULL, NULL, '2024-04-01 21:12:33', '2024-04-01 21:12:33'),
(30, 1, 'ANA LIDIA', 'ZACARIAS', 'VAZQUEZ', 'C.31A PTE S/N B. LA UNIDAD', NULL, '9625193010', NULL, NULL, NULL, NULL, NULL, 'M', NULL, NULL, NULL, '2024-04-01 21:12:33', '2024-04-01 21:12:33'),
(31, 1, 'RAYMUNDO', 'VERDUGO	ESCALANTE', NULL, 'AV 6A NTE 6 B. LA UNIDAD', NULL, '9524920848', NULL, NULL, NULL, NULL, NULL, 'H', NULL, NULL, NULL, '2024-04-01 21:12:33', '2024-04-01 21:12:33'),
(32, 1, 'ELVIA LUZ', 'DIAZ', 'RAMIREZ', 'AV. 6ANTE 31 PTE. BARR. LA UNIDAD', NULL, '9626959955', NULL, NULL, NULL, NULL, NULL, 'M', NULL, NULL, NULL, '2024-04-01 21:12:33', '2024-04-01 21:12:33'),
(33, 1, 'MAGDALENA', 'GUZMAN', 'GARCIA', 'AV 6A NTE 6 B. LA UNIDAD', NULL, '9622425865', NULL, NULL, NULL, NULL, NULL, 'M', NULL, NULL, NULL, '2024-04-01 21:12:33', '2024-04-01 21:12:33'),
(34, 1, 'ALONDRA GABRIELA', 'ORTIZ', 'VERDUGO', 'AV 2DA NTE PROL., BARR. LA UNIDAD', NULL, '9621521441', NULL, NULL, NULL, NULL, NULL, 'M', NULL, NULL, NULL, '2024-04-01 21:12:33', '2024-04-01 21:12:33'),
(35, 1, 'CATALINA', 'VERDUGO', 'ROBLERO', '2 NTE PROL., BARR. LA UNIDAD', NULL, '9621521441', NULL, NULL, NULL, NULL, NULL, 'M', NULL, NULL, NULL, '2024-04-01 21:12:33', '2024-04-01 21:12:33'),
(36, 1, 'ELMA ONELIA', 'BRAVO', '	PEREZ', 'C.33 A PTE S/N B. LA UNIDAD', NULL, '9621623563', NULL, NULL, NULL, NULL, NULL, 'M', NULL, NULL, NULL, '2024-04-01 21:12:33', '2024-04-01 21:12:33'),
(37, 1, 'ANA MARINA', 'ESPINOSA', 'RODRIGUEZ', 'C 31 A PTE BARRIO LA UNIDAD', NULL, '9621265235', NULL, NULL, NULL, NULL, NULL, 'M', NULL, NULL, NULL, '2024-04-01 21:12:33', '2024-04-01 21:12:33'),
(38, 1, 'DOMINGA DE', 'RAMOS', 'DIAZ', 'AV 6A NTE S/N B. LA UNIDAD', NULL, '962 1872704', NULL, NULL, NULL, NULL, NULL, 'M', NULL, NULL, NULL, '2024-04-01 21:12:33', '2024-04-01 21:12:33'),
(39, 1, 'CRISTINA', 'HERNANDEZ', 'PEREZ', 'AV 8A NTE S/N B. LA UNIDAD', NULL, '9622584723', NULL, NULL, NULL, NULL, NULL, 'M', NULL, NULL, NULL, '2024-04-01 21:12:33', '2024-04-01 21:12:33'),
(40, 1, 'CONSUELO', 'GOMEZ', 'MORALES', 'C17A PTE S/N B. LA UNIDAD', NULL, '9622520656', NULL, NULL, NULL, NULL, NULL, 'M', NULL, NULL, NULL, '2024-04-01 21:12:33', '2024-04-01 21:12:33'),
(41, 1, 'FRANCISCO HEDU', 'REYES', 'PEREZ', '27PTE S/N B. LA UNIDAD', NULL, '9621247972', NULL, NULL, NULL, NULL, NULL, 'H', NULL, NULL, NULL, '2024-04-01 21:12:33', '2024-04-01 21:12:33'),
(42, 1, 'SANDRA', 'JUAREZ	ROBLERO', NULL, '27PTE S/N B. LA UNIDAD', NULL, '9621779269', NULL, NULL, NULL, NULL, NULL, 'M', NULL, NULL, NULL, '2024-04-01 21:12:33', '2024-04-01 21:12:33'),
(43, 1, 'LILIA VIRGINIA', 'DIAZ', '	HERNANDEZ', 'AV 2DA NTE 128. B LA UNIDAD', NULL, '9622965646', NULL, NULL, NULL, NULL, NULL, 'M', NULL, NULL, NULL, '2024-04-01 21:12:33', '2024-04-01 21:12:33'),
(44, 1, 'ROGELIO ISRAEL', 'PAZ', 'DIAZ', 'AV 2DA NTE 128. B LA UNIDAD', NULL, NULL, NULL, NULL, NULL, NULL, NULL, 'H', NULL, NULL, NULL, '2024-04-01 21:12:33', '2024-04-01 21:12:33'),
(45, 1, 'ENRIQUE JUAN', 'PEREZ', 'PEREZ', 'CALLE S/N B. LA UNIDAD', NULL, '9622908291', NULL, NULL, NULL, NULL, NULL, 'H', NULL, NULL, NULL, '2024-04-01 21:12:33', '2024-04-01 21:12:33'),
(46, 1, 'CATALINA', 'PEREZ', 'PEREZ', 'AV 2DA NTE S/N B.LA UNIDAD', NULL, '9624306142', NULL, NULL, NULL, NULL, NULL, 'M', NULL, NULL, NULL, '2024-04-01 21:12:33', '2024-04-01 21:12:33'),
(47, 1, 'ROSARIO', 'PEREZ', 'MARTINEZ', 'AV 2DA NTE Y 39 PTE B. LA UNIDAD', NULL, '9621066095', NULL, NULL, NULL, NULL, NULL, 'M', NULL, NULL, NULL, '2024-04-01 21:12:33', '2024-04-01 21:12:33'),
(48, 1, 'EMILIANO', 'GARCIA', 'MORALES', 'AV 2DA NTE Y 39 PTE B. LA UNIDAD', NULL, '9621066095', NULL, NULL, NULL, NULL, NULL, 'H', NULL, NULL, NULL, '2024-04-01 21:12:33', '2024-04-01 21:12:33'),
(49, 1, 'RICARDO', 'GARCIA	MORALES', NULL, 'AV 2DA NTE Y 39 PTE B. LA UNIDAD', NULL, '9621646184', NULL, NULL, NULL, NULL, NULL, 'H', NULL, NULL, NULL, '2024-04-01 21:12:33', '2024-04-01 21:12:33'),
(50, 1, 'JORGE', 'MATIAS', 'PEREZ', '29 PTE S/N B. LA UNIDAD', NULL, '5537254266', NULL, NULL, NULL, NULL, NULL, 'H', NULL, NULL, NULL, '2024-04-01 21:12:33', '2024-04-01 21:12:33'),
(51, 1, 'SITA LUZ', 'DIAZ', 'DE', 'S/N BARRIO LA UNIDAD', NULL, '9621853147', NULL, NULL, NULL, NULL, NULL, 'M', NULL, NULL, NULL, '2024-04-01 21:12:33', '2024-04-01 21:12:33'),
(52, 1, 'REYNA', 'PEREZ', 'MENDEZ', 'C 29PTE S/N B. LA UNIDAD', NULL, '9621636616', NULL, NULL, NULL, NULL, NULL, 'M', NULL, NULL, NULL, '2024-04-01 21:12:33', '2024-04-01 21:12:33'),
(53, 1, 'VICTOR MANUEL', 'REYNA', 'CHILEL', '15 OTE N 9 B. GUADALUPE', NULL, '9621842237', NULL, NULL, NULL, NULL, NULL, 'H', NULL, NULL, NULL, '2024-04-01 21:12:33', '2024-04-01 21:12:33'),
(54, 1, 'YESENIA NAHARAI', 'REYNA', '	AGUIRRE', '15 OTE N 10 B. GUADALUPE', NULL, '9621301762', NULL, NULL, NULL, NULL, NULL, 'M', NULL, NULL, NULL, '2024-04-01 21:12:33', '2024-04-01 21:12:33'),
(55, 1, 'JULIA YAZMIN', 'REYNA', '	AGUIRRE', '15 OTE N 10 B. GUADALUPE', NULL, '9621006980', NULL, NULL, NULL, NULL, NULL, 'M', NULL, NULL, NULL, '2024-04-01 21:12:33', '2024-04-01 21:12:33'),
(56, 1, 'ELIA', 'REYNA', '	CHILEL', '15 OTE N 9 B. GUADALUPE', NULL, '9622429958', NULL, NULL, NULL, NULL, NULL, 'M', NULL, NULL, NULL, '2024-04-01 21:12:33', '2024-04-01 21:12:33'),
(57, 1, 'MADI YANETH', 'DE', 'LEON', 'AV 6A NORTE 167, BARR. LA UNIDAD', NULL, '9622599737', NULL, NULL, NULL, NULL, NULL, 'M', NULL, 51, NULL, '2024-04-01 21:12:33', '2024-04-01 21:12:33'),
(58, 1, 'LETICIA', 'DIAZ	ROBLERO', NULL, 'AV 6A NORTE 167, BARR. LA UNIDAD', NULL, '9624045440', NULL, NULL, NULL, NULL, NULL, 'M', '62', 51, NULL, '2024-04-01 21:12:33', '2024-04-01 21:12:33'),
(59, 1, 'JOSÉ GERARDO', 'GÓMEZ', '	GÓMEZ', 'AV 6A NORTE 167, BARR. LA UNIDAD', NULL, '9615702816', NULL, NULL, NULL, NULL, NULL, 'H', '35', 51, NULL, '2024-04-01 21:12:33', '2024-04-01 21:12:33'),
(60, 1, 'DONAMIN ABRAHAM', 'DE', 'LEON', 'AV 6A NORTE 167, BARR. LA UNIDAD', NULL, '9621135152', NULL, NULL, NULL, NULL, NULL, 'H', '29', 51, NULL, '2024-04-01 21:12:33', '2024-04-01 21:12:33'),
(61, 1, 'KENY ELIZABETH', 'DE', 'LEON', 'AV 6A NORTE S/N, BARR. LA UNIDAD', NULL, '9624668223', NULL, NULL, NULL, NULL, NULL, 'M', '25', 51, NULL, '2024-04-01 21:12:33', '2024-04-01 21:12:33'),
(62, 1, 'ANA LETICIA', '', '', 'AV 6A NORTE 167, BARR. LA UNIDAD', NULL, '9621485847', NULL, NULL, NULL, NULL, NULL, 'M', '22', 51, NULL, '2024-04-01 21:12:33', '2024-04-01 21:12:33'),
(63, 1, 'SIOMARA', 'NATALI', 'PAZ	BAMACA', 'AV 6A NORTE 167, BARR. LA UNIDAD', NULL, '9621135152', NULL, NULL, NULL, NULL, NULL, 'M', '28', 51, NULL, '2024-04-01 21:12:33', '2024-04-01 21:12:33'),
(64, 1, 'BERENICE', 'SANTIZO	VAZQUEZ', NULL, 'C. 15A PONIENTE S/N, BARR. LA UNIDAD', NULL, '9622571326', NULL, NULL, NULL, NULL, NULL, 'M', '39', 51, NULL, '2024-04-01 21:12:33', '2024-04-01 21:12:33'),
(65, 1, 'TERESITA DEL', 'CAMEN', '', 'C. 19A PONIENTE S/N, BARR. LA UNIDAD', NULL, '9621058992', NULL, NULL, NULL, NULL, NULL, 'M', '32', 51, NULL, '2024-04-01 21:12:33', '2024-04-01 21:12:33'),
(66, 1, 'AVIGAIL', 'GARCIA	SANCHEZ', NULL, 'C. 19A PONIENTE S/N, BARR. LA UNIDAD', NULL, NULL, NULL, NULL, NULL, NULL, NULL, 'M', '37', 51, NULL, '2024-04-01 21:12:33', '2024-04-01 21:12:33'),
(67, 1, 'ANGEL', 'YOC	LOPEZ', NULL, 'C. 13A PONIENTE S/N, BARR. LA UNIDAD', NULL, NULL, NULL, NULL, NULL, NULL, NULL, 'H', '76', NULL, 62, '2024-04-01 21:12:33', '2024-04-01 21:12:33'),
(68, 1, 'YESENIA FLORENTINA', 'PEREZ', 'VELAZQUEZ', 'C. 17A PTE S/N, BARR. LA UNIDAD', NULL, NULL, NULL, NULL, NULL, NULL, NULL, 'M', '29', NULL, 115, '2024-04-01 21:12:33', '2024-04-01 21:12:33'),
(69, 1, 'ENRIQUE', 'MENDEZ', 'PAZ', 'C. 27A PTE. S/N, BARR. LA UNIDAD', NULL, '9626249310', NULL, NULL, NULL, NULL, NULL, 'H', '58', NULL, 115, '2024-04-01 21:12:33', '2024-04-01 21:12:33'),
(70, 1, 'ISAEL', 'GIOVANI', 'MORALES', 'AV 8A NTE S/N BARR. LA UNIDAD', NULL, '9624596551', NULL, NULL, NULL, NULL, NULL, 'H', NULL, 23, NULL, '2024-04-01 21:12:33', '2024-04-01 21:12:33'),
(71, 1, 'VICENTE ROSARIO', 'ROBLERO', 'DIAZ', 'C. 31A PTE. 256, BARR. LA UNIDAD', NULL, '9985246348', NULL, NULL, NULL, NULL, NULL, 'H', NULL, 23, NULL, '2024-04-01 21:12:33', '2024-04-01 21:12:33'),
(72, 1, 'ESPERANZA', 'VALDEZ', 'MONTES', 'C. 33A PTE. S/N, BARR. LA UNIDAD', NULL, '9621212602', NULL, NULL, NULL, NULL, NULL, 'M', NULL, 23, NULL, '2024-04-01 21:12:33', '2024-04-01 21:12:33'),
(73, 1, 'MARIA', 'BARTOLON', 'MORALES', 'C. S/N NOMBRE S/N, BARR. LA UNIDAD', NULL, '9621907708', NULL, NULL, NULL, NULL, NULL, 'M', NULL, 23, NULL, '2024-04-01 21:12:33', '2024-04-01 21:12:33'),
(74, 1, 'REYNA PATRICIA', 'ARRIAGA', 'BARTOLON', 'C. 29A PTE. MZA. 4 15, BARR. LA UNIDAD', NULL, '9623252359', NULL, NULL, NULL, NULL, NULL, 'M', NULL, 23, NULL, '2024-04-01 21:12:33', '2024-04-01 21:12:33'),
(75, 1, 'PAOLA JANETH', 'AGUILAR', 'PAZ', 'C. S/N NOMBRE S/N, BARR. LA UNIDAD', NULL, '9622854342', NULL, NULL, NULL, NULL, NULL, 'M', NULL, 23, NULL, '2024-04-01 21:12:33', '2024-04-01 21:12:33'),
(76, 1, 'DAMARIS ELIZABETH', 'PAZ', 'DIAZ', 'C. S/N NOMBRE S/N, BARR. LA UNIDAD', NULL, '9622854342', NULL, NULL, NULL, NULL, NULL, 'M', NULL, 23, NULL, '2024-04-01 21:12:33', '2024-04-01 21:12:33'),
(77, 1, 'JUAN CARLOS', 'ROBLERO', 'PEREZ', 'AV 8A NTE. ESQ. 33A PTE. S/N, B. LA UNIDAD', NULL, '9622515587', NULL, NULL, NULL, NULL, NULL, 'H', NULL, 23, NULL, '2024-04-01 21:12:33', '2024-04-01 21:12:33'),
(78, 1, 'MARGARITA', 'ARACELI', 'PEREZ', 'AV. 8A NTE. Y 33A PTE. S/N, B. LA UNIDAD', NULL, '9624239838', NULL, NULL, NULL, NULL, NULL, 'M', NULL, 23, NULL, '2024-04-01 21:12:33', '2024-04-01 21:12:33'),
(79, 1, 'JUAN CARLOS', 'ROBLERO', 'SANCHEZ', '13A C. PTE. 39, BARR. MIGUEL HIDALGO', NULL, '9624002156', NULL, NULL, NULL, NULL, NULL, 'H', NULL, 23, NULL, '2024-04-01 21:12:33', '2024-04-01 21:12:33'),
(80, 1, 'MARGARITA CONCEPCION', 'PAZ', 'DIAZ', 'AV 2A NORTE S/N, BARR. LA UNIDAD', NULL, NULL, NULL, NULL, NULL, NULL, NULL, 'M', NULL, 23, NULL, '2024-04-01 21:12:33', '2024-04-01 21:12:33'),
(81, 1, 'CARMEN MARITZA', 'HERNANDEZ', 'RAMIREZ', 'AV 2A NORTE S/N, BARR. LA UNIDAD', NULL, '9621383154', NULL, NULL, NULL, NULL, NULL, 'M', NULL, 23, NULL, '2024-04-01 21:12:33', '2024-04-01 21:12:33'),
(82, 1, 'NERY ALONSO', 'DE', 'LEON', 'C. 19A PONIENTE S/N, BARR. LA UNIDAD', NULL, '9621383154', NULL, NULL, NULL, NULL, NULL, 'H', NULL, 23, NULL, '2024-04-01 21:12:33', '2024-04-01 21:12:33'),
(83, 1, 'CARMELINA', 'RAMIREZ', 'AGUILAR', 'AV 6A NORTE S/N, BARR. LA UNIDAD', NULL, NULL, NULL, NULL, NULL, NULL, NULL, 'M', NULL, 23, NULL, '2024-04-01 21:12:33', '2024-04-01 21:12:33'),
(84, 1, 'MARIA DOLORES', 'MEZA', 'LOPEZ', 'C. 33A PONIENTE S/N, BARR. LA UNIDAD', NULL, '9621693969', NULL, NULL, NULL, NULL, NULL, 'M', NULL, NULL, 116, '2024-04-01 21:12:33', '2024-04-01 21:12:33'),
(85, 1, 'ELOIZA', 'PAZ', 'PEREZ', 'C. 25 PTE. MZA. 18 LT 3, BARR. LA UNIDAD', NULL, NULL, NULL, NULL, NULL, NULL, NULL, 'M', NULL, NULL, 116, '2024-04-01 21:12:33', '2024-04-01 21:12:33'),
(86, 1, 'ELEAZAR', 'PINEDA', 'PAZ', 'CARR. UNION JUAREZ S/N B. LA UNIDAD', NULL, '9625205558', NULL, NULL, NULL, NULL, NULL, 'H', NULL, NULL, 116, '2024-04-01 21:12:33', '2024-04-01 21:12:33'),
(87, 1, 'ZOCORRO ENRIQUETA', 'PAZ', 'PEREZ', 'CARR. UNION JUAREZ S/N B. LA UNIDAD', NULL, '9625205558', NULL, NULL, NULL, NULL, NULL, 'M', NULL, NULL, 116, '2024-04-01 21:12:33', '2024-04-01 21:12:33'),
(88, 1, 'NANCY YADIRA', 'BRISEÑO', 'AGUILAR', 'C. 33A PONIENTE S/N, BARR. LA UNIDAD', NULL, '9621461066', NULL, NULL, NULL, NULL, NULL, 'H', NULL, NULL, 116, '2024-04-01 21:12:33', '2024-04-01 21:12:33'),
(89, 1, 'CRISTINA', 'HERNANDEZ', 'LOPEZ', 'C. 29A PTE. MZA. 4 LT15, BARR. LA UNIDAD', NULL, '9626994250', NULL, NULL, NULL, NULL, NULL, 'M', '69', NULL, 62, '2024-04-01 21:12:33', '2024-04-01 21:12:33'),
(90, 1, 'FREDY RENE', 'LOPEZ', 'LOPEZ', 'C. 21A PTE. S/N, BARR. LA UNIDAD', NULL, '9625147869', NULL, NULL, NULL, NULL, NULL, 'H', '20', NULL, 62, '2024-04-01 21:12:33', '2024-04-01 21:12:33'),
(91, 1, 'DILMA', 'PEREZ', 'ROBLERO', 'C. 13A PONIENTE 15, BARR. LA UNIDAD', NULL, NULL, NULL, NULL, NULL, NULL, NULL, 'M', '35', NULL, 62, '2024-04-01 21:12:33', '2024-04-01 21:12:33'),
(92, 1, 'ERASMO', 'VELASQUEZ', 'MIGUEL', 'AV 10A NTE S/N, BARR. LA UNIDAD', NULL, '6634291487', NULL, NULL, NULL, NULL, NULL, 'H', NULL, NULL, 62, '2024-04-01 21:12:33', '2024-04-01 21:12:33'),
(93, 1, 'TANIA', 'GODINEZ', 'PEREZ', 'BARRIO LA UNIDAD', NULL, '9621265235', NULL, NULL, NULL, NULL, NULL, 'M', NULL, 23, NULL, '2024-04-01 21:12:33', '2024-04-01 21:12:33'),
(94, 1, 'IMELDA', 'GODINEZ', 'PEREZ', 'BARRIO LA UNIDAD', NULL, NULL, NULL, NULL, NULL, NULL, NULL, 'M', NULL, 23, NULL, '2024-04-01 21:12:33', '2024-04-01 21:12:33'),
(95, 1, 'ELFIDA', 'DIAZ', 'GAMBOA', 'BARRIO LA UNIDAD', NULL, '9622719298', NULL, NULL, NULL, NULL, NULL, 'M', NULL, 23, NULL, '2024-04-01 21:12:33', '2024-04-01 21:12:33'),
(96, 1, 'SALANA', 'SARMIENTO', 'JIMENEZ', 'BARRIO LA UNIDAD', NULL, '9622571268', NULL, NULL, NULL, NULL, NULL, 'M', '45', 23, NULL, '2024-04-01 21:12:33', '2024-04-01 21:12:33'),
(97, 1, 'CARLOS ENRIQUE', 'PEREZ', 'RAMOS', 'BARRIO LA UNIDAD', NULL, '9622861221', NULL, NULL, NULL, NULL, NULL, 'H', '49', 23, NULL, '2024-04-01 21:12:33', '2024-04-01 21:12:33'),
(98, 1, 'CARLOS A.', 'PEREZ', 'SARMIENTO', 'BARRIO LA UNIDAD', NULL, '9621222838', NULL, NULL, NULL, NULL, NULL, 'H', '26', 23, NULL, '2024-04-01 21:12:33', '2024-04-01 21:12:33'),
(99, 1, 'ALEXIS C.', 'PEREZ', 'RAMIREZ', 'BARRIO LA UNIDAD', NULL, '9622158427', NULL, NULL, NULL, NULL, NULL, 'H', '23', 23, NULL, '2024-04-01 21:12:33', '2024-04-01 21:12:33'),
(100, 1, 'CARLOS MANUEL', 'PEREZ', 'LOPEZ', 'BARRIO LA UNIDAD', NULL, '6647537100', NULL, NULL, NULL, NULL, NULL, 'H', NULL, 23, NULL, '2024-04-01 21:12:33', '2024-04-01 21:12:33'),
(101, 1, 'FATIMA BELEN', 'ROBLERO', 'GONZALEZ', 'BARRIO LA UNIDAD', NULL, '9624646457', NULL, NULL, NULL, NULL, NULL, 'M', NULL, NULL, 117, '2024-04-01 21:12:33', '2024-04-01 21:12:33'),
(102, 1, 'LIDIA ASUCENA', 'RAMOS', 'PEREZ', 'BARRIO LA UNIDAD', NULL, '9624236494', NULL, NULL, NULL, NULL, NULL, 'M', NULL, NULL, 117, '2024-04-01 21:12:33', '2024-04-01 21:12:33'),
(103, 1, 'GEREARDO DE', 'JESUS', 'ESPINOZA', 'BARRIO LA UNIDAD', NULL, '9622416626', NULL, NULL, NULL, NULL, NULL, 'H', NULL, NULL, 117, '2024-04-01 21:12:33', '2024-04-01 21:12:33'),
(104, 1, 'ARISTEO', 'VILLAGRAN', 'CHAVEZ', 'BARRIO LA UNIDAD', NULL, '9622481750', NULL, NULL, NULL, NULL, NULL, 'H', '63', 23, NULL, '2024-04-01 21:12:33', '2024-04-01 21:12:33'),
(105, 1, 'EUSEBIA MARGOTH', 'VILLAGRAN', 'PEREZ', 'BARRIO LA UNIDAD', NULL, '9621105989', NULL, NULL, NULL, NULL, NULL, 'M', '31', 23, NULL, '2024-04-01 21:12:33', '2024-04-01 21:12:33'),
(106, 1, 'HENRI ARISTEO', 'VILLAGRAN', 'PEREZ', 'BARRIO LA UNIDAD', NULL, NULL, NULL, NULL, NULL, NULL, NULL, 'H', '30', 23, NULL, '2024-04-01 21:12:33', '2024-04-01 21:12:33'),
(107, 1, 'JENNI', 'BARAHUNA', 'PEREZ', 'BARRIO LA UNIDAD', NULL, '9626300237', NULL, NULL, NULL, NULL, NULL, 'M', '28', 23, NULL, '2024-04-01 21:12:33', '2024-04-01 21:12:33'),
(108, 1, 'JOEL', 'ORTIZ', NULL, 'BARRIO LA UNIDAD', NULL, NULL, NULL, NULL, NULL, NULL, NULL, 'H', '66', 23, NULL, '2024-04-01 21:12:33', '2024-04-01 21:12:33'),
(109, 1, 'CLAFINA', 'VILLAGRAN', 'CHAVEZ', 'BARRIO LA UNIDAD', NULL, NULL, NULL, NULL, NULL, NULL, NULL, 'M', '55', 23, NULL, '2024-04-01 21:12:33', '2024-04-01 21:12:33'),
(110, 1, 'JUAIDA MERARI', 'VILLAGRAN', 'PEREZ', 'BARRIO LA UNIDAD', NULL, '9624212138', NULL, NULL, NULL, NULL, NULL, 'M', '23', 23, NULL, '2024-04-01 21:12:33', '2024-04-01 21:12:33'),
(111, 1, 'MAGALI', 'VILLAGRAN', 'SANCHEZ', 'BARRIO LA UNIDAD', NULL, '9624026774', NULL, NULL, NULL, NULL, NULL, 'M', '35', 23, NULL, '2024-04-01 21:12:33', '2024-04-01 21:12:33'),
(112, 1, 'BELIZARIO', 'VILLAGRAN', 'CHAVEZ', '2 AV. NORTE 33 PTE., BARR. LA UNIDAD', NULL, '9622215013', NULL, NULL, NULL, NULL, NULL, 'H', '63', 23, NULL, '2024-04-01 21:12:33', '2024-04-01 21:12:33'),
(113, 1, 'LUIS ALBERTO', 'VILLAGRAN', 'LOPEZ', 'BARRIO LA UNIDAD', NULL, '9622209291', NULL, NULL, NULL, NULL, NULL, 'H', '23', 23, NULL, '2024-04-01 21:12:33', '2024-04-01 21:12:33'),
(114, 1, 'MARTHA AMAYRANI', 'ZAMORA', 'RUIZ', 'BARRIO LA UNIDAD', NULL, '9624202192', NULL, NULL, NULL, NULL, NULL, 'M', '20', 23, NULL, '2024-04-01 21:12:33', '2024-04-01 21:12:33'),
(115, 1, 'NAYELI YAMILIN', 'VILLAGRAN', 'CHAVEZ', 'BARRIO LA UNIDAD', NULL, '9621464041', NULL, NULL, NULL, NULL, NULL, 'M', '29', 23, NULL, '2024-04-01 21:12:33', '2024-04-01 21:12:33'),
(116, 1, 'ELIZABETH', 'MORALES', 'VELASQUEZ', 'BARRIO LA UNIDAD', NULL, NULL, NULL, NULL, NULL, NULL, NULL, 'M', '30', NULL, 118, '2024-04-01 21:12:33', '2024-04-01 21:12:33'),
(117, 1, 'AXEL', 'BARRIOS', 'MORALES', 'BARRIO LA UNIDAD', NULL, NULL, NULL, NULL, NULL, NULL, NULL, 'H', NULL, NULL, 118, '2024-04-01 21:12:33', '2024-04-01 21:12:33'),
(118, 1, 'ELIEL', 'BARRIOS', 'MORALES', 'BARRIO LA UNIDAD', NULL, NULL, NULL, NULL, NULL, NULL, NULL, 'H', NULL, NULL, 118, '2024-04-01 21:12:33', '2024-04-01 21:12:33'),
(119, 1, 'WILLIAMS ELIUD', 'BARRIONUEVO', 'RAMIREZ', 'BARRIO LA UNIDAD', NULL, '9622585346', NULL, NULL, NULL, NULL, NULL, 'H', NULL, NULL, 57, '2024-04-01 21:12:33', '2024-04-01 21:12:33'),
(120, 1, 'LINYU BARRIOS', 'MORALES', '', 'BARRIO LA UNIDAD', NULL, NULL, NULL, NULL, NULL, NULL, NULL, 'H', NULL, NULL, 118, '2024-04-01 21:12:33', '2024-04-01 21:12:33'),
(121, 1, 'ANGEL YESUA', 'LOPEZ', 'MORALES', 'BARRIO LA UNIDAD', NULL, NULL, NULL, NULL, NULL, NULL, NULL, 'H', NULL, NULL, 118, '2024-04-01 21:12:33', '2024-04-01 21:12:33'),
(122, 1, 'RUDY', 'LÓPEZ', 'RAMOS', 'BARRIO LA UNIDAD', NULL, NULL, NULL, NULL, NULL, NULL, NULL, 'H', '29', NULL, 118, '2024-04-01 21:12:33', '2024-04-01 21:12:33'),
(123, 1, 'ERIKA', 'SALVADOR', 'PEREZ', 'BARRIO LA UNIDAD', NULL, '9627073658', NULL, NULL, NULL, NULL, NULL, 'M', '33', NULL, 118, '2024-04-01 21:12:33', '2024-04-01 21:12:33'),
(124, 1, 'AUDELIO', 'LOPEZ', 'RAMOS', 'BARRIO LA UNIDAD', NULL, NULL, NULL, NULL, NULL, NULL, NULL, 'H', NULL, NULL, NULL, '2024-04-01 21:12:33', '2024-04-01 21:12:33'),
(125, 1, 'CARLOS ALBERTO', 'MAZARIEGO', 'PEREZ', '1 AV. NORTE Y 19 CALLE ORIENTE', NULL, '9622909732', NULL, NULL, NULL, NULL, NULL, 'H', '31', NULL, 57, '2024-04-01 21:12:33', '2024-04-01 21:12:33'),
(126, 1, 'WENCESLAO', 'VELASCO', 'ROBLERO', '9 NORTE NUM. 60', NULL, '9622268996', NULL, NULL, NULL, NULL, NULL, 'H', NULL, NULL, 57, '2024-04-01 21:12:33', '2024-04-01 21:12:33'),
(127, 1, 'ELVIRA', 'VELASCO', 'MEZA', '9 NORTE NUM. 60', NULL, '9622268996', NULL, NULL, NULL, NULL, NULL, 'M', NULL, NULL, 57, '2024-04-01 21:12:33', '2024-04-01 21:12:33'),
(128, 1, 'JOSE ANTONIO', 'LOPEZ', 'FUENTES', '16 AV NTE. 4', NULL, '9623834330', NULL, NULL, NULL, NULL, NULL, 'H', NULL, 58, NULL, '2024-04-01 21:12:33', '2024-04-01 21:12:33'),
(129, 1, 'CLARA LUZ', 'FUENTES', 'HORMEDO', '16 AV NTE. 4', NULL, '9623834330', NULL, NULL, NULL, NULL, NULL, 'M', NULL, 58, NULL, '2024-04-01 21:12:33', '2024-04-01 21:12:33'),
(130, 1, 'MERI', 'FUENTES', 'HORMEDO', '16 AV NTE. 4', NULL, '9623834330', NULL, NULL, NULL, NULL, NULL, 'H', NULL, 58, NULL, '2024-04-01 21:12:33', '2024-04-01 21:12:33'),
(131, 1, 'GLORIA', 'AGUILAR', 'LOPEZ', 'BARRIO LA UNIDAD (ATRAS DEL DIF)', NULL, '9621076362', NULL, NULL, NULL, NULL, NULL, 'M', NULL, 58, NULL, '2024-04-01 21:12:33', '2024-04-01 21:12:33'),
(132, 1, 'TRANQUILINO', 'RAMIREZ', 'MORALES', '2A NORTE #77', NULL, NULL, NULL, NULL, NULL, NULL, NULL, 'H', NULL, NULL, 25, '2024-04-01 21:12:33', '2024-04-01 21:12:33'),
(133, 1, 'APOLINAR', 'MENDEZ', 'PEREZ', '17 PTE., BARR. LA UNIDAD', NULL, NULL, NULL, NULL, NULL, NULL, NULL, 'H', NULL, 58, NULL, '2024-04-01 21:12:33', '2024-04-01 21:12:33'),
(134, 1, 'OSCAR APOLINAR', 'MENDEZ', 'LOPEZ', '17 PTE., BARR. LA UNIDAD', NULL, '9621517604', NULL, NULL, NULL, NULL, NULL, 'H', NULL, 58, NULL, '2024-04-01 21:12:33', '2024-04-01 21:12:33'),
(135, 1, 'DIANA CAROLINA', 'LOPEZ', 'PEREZ', '17 PTE., BARR. LA UNIDAD', NULL, '9624263897', NULL, NULL, NULL, NULL, NULL, 'M', NULL, 58, NULL, '2024-04-01 21:12:33', '2024-04-01 21:12:33'),
(136, 1, 'JOSE GUADALUPE', 'CASTRO', 'CASH', '17 Y 13 PTE. 16 AV NTE. B. LA UNIDAD', NULL, '9984005078', NULL, NULL, NULL, NULL, NULL, 'H', NULL, 58, NULL, '2024-04-01 21:12:33', '2024-04-01 21:12:33'),
(137, 1, 'NIELSEN KRISTEL', 'ROBLERO', 'GARCIA', '17 PTE. ENTRE 10A Y 12 AV NTE. B. LA UNIDAD', NULL, '9621358253', NULL, NULL, NULL, NULL, NULL, 'M', NULL, 58, NULL, '2024-04-01 21:12:33', '2024-04-01 21:12:33'),
(138, 1, 'JAIMEN ABILIO', 'BAMACA', 'MORALES', 'C. 25 PTE. Y 2A AV. NTE. B. LA UNIDAD', NULL, '9622958873', NULL, NULL, NULL, NULL, NULL, 'H', NULL, 58, NULL, '2024-04-01 21:12:33', '2024-04-01 21:12:33'),
(139, 1, 'ERIK', 'LOPEZ', 'MENDEZ', '16 AV NORTE', NULL, '9624651764', NULL, NULL, NULL, NULL, NULL, 'H', NULL, NULL, 119, '2024-04-01 21:12:33', '2024-04-01 21:12:33'),
(140, 1, 'JUAN CARLOS', 'MENDOZA', 'MERIDA', '16 AV NORTE', NULL, '9622704013', NULL, NULL, NULL, NULL, NULL, 'H', NULL, NULL, 119, '2024-04-01 21:12:33', '2024-04-01 21:12:33'),
(141, 1, 'MIRIAM', 'ORTIZ', 'HERNANDEZ', '22 AV NORTE S/N', NULL, '9622525400', NULL, NULL, NULL, NULL, NULL, 'M', NULL, NULL, 119, '2024-04-01 21:12:33', '2024-04-01 21:12:33'),
(142, 1, 'RUBI', 'GERONIMO', 'MORALES', '22 AV NORTE S/N', NULL, '9621073683', NULL, NULL, NULL, NULL, NULL, 'M', NULL, NULL, 119, '2024-04-01 21:12:33', '2024-04-01 21:12:33'),
(143, 1, 'BERONICA DE', 'LA', 'CRUZ', '22 AV NORTE', NULL, '9621073683', NULL, NULL, NULL, NULL, NULL, 'M', NULL, NULL, 119, '2024-04-01 21:12:33', '2024-04-01 21:12:33'),
(144, 1, 'LETICIA', 'ROBLERO', 'PEREZ', 'BARRIO LA UNIDAD', NULL, '9621248630', NULL, NULL, NULL, NULL, NULL, 'M', NULL, NULL, 25, '2024-04-01 21:12:33', '2024-04-01 21:12:33'),
(145, 1, 'MARIA ELENA', 'GOMEZ', 'RUIZ', '22 AV NORTE', NULL, '9621073683', NULL, NULL, NULL, NULL, NULL, 'M', NULL, NULL, 119, '2024-04-01 21:12:33', '2024-04-01 21:12:33'),
(146, 1, 'SONIA GUADALUPE', 'DE', 'LEON', 'BARRIO TRES HERMANOS ', NULL, '9621707075', NULL, NULL, NULL, NULL, NULL, 'M', NULL, NULL, 25, '2024-04-01 21:12:33', '2024-04-01 21:12:33'),
(147, 1, 'RODOLFO DOMINGUEZ', 'DE', 'LEON', 'BARRIO TRES HERMANOS ', NULL, '9621707075', NULL, NULL, NULL, NULL, NULL, 'H', NULL, NULL, 25, '2024-04-01 21:12:33', '2024-04-01 21:12:33'),
(148, 1, 'BELIZARIO DOMINGUEZ', 'DE', 'LEON', 'BARRIO TRES HERMANOS ', NULL, '9621707075', NULL, NULL, NULL, NULL, NULL, 'H', NULL, NULL, 25, '2024-04-01 21:12:33', '2024-04-01 21:12:33'),
(149, 1, 'CARLOS', 'ECHEVERRIA', 'RAMOS', '22 AV NORTE SIN ', NULL, '9621248339', NULL, NULL, NULL, NULL, NULL, 'H', '71', NULL, 119, '2024-04-01 21:12:33', '2024-04-01 21:12:33'),
(150, 1, 'DARA ELSA', 'AVALOS', 'GOMEZ', '22 AV NORTE S/N', NULL, '9621411298', NULL, NULL, NULL, NULL, NULL, 'M', '68', NULL, 119, '2024-04-01 21:12:33', '2024-04-01 21:12:33'),
(151, 1, 'GUADALUPE', 'CRUZ', 'HENESTROSA', '22 AV NORTE S/N', NULL, '9621649320', NULL, NULL, NULL, NULL, NULL, 'M', '24', NULL, 119, '2024-04-01 21:12:34', '2024-04-01 21:12:34'),
(152, 1, 'CESAR ARMANDO', 'MAZARIEGOS', 'PEREZ', '22 AV NORTE SIN', NULL, '9621649320', NULL, NULL, NULL, NULL, NULL, 'H', '22', NULL, 119, '2024-04-01 21:12:34', '2024-04-01 21:12:34'),
(153, 1, 'VENTURA', 'LOPEZ', 'RAMOS', 'BARRIO LA UNIDAD', NULL, '9621053165', NULL, NULL, NULL, NULL, NULL, 'H', '54', 23, NULL, '2024-04-01 21:12:34', '2024-04-01 21:12:34'),
(154, 1, 'ISAURO', 'ZAVALETA', 'LOPEZ', 'BARRIO LA UNIDAD', NULL, '9621261452', NULL, NULL, NULL, NULL, NULL, 'H', '64', 23, NULL, '2024-04-01 21:12:34', '2024-04-01 21:12:34'),
(155, 1, 'MARIA DE', 'LOS', 'ANGELES', 'BARRIO LA UNIDAD', NULL, '9621261452', NULL, NULL, NULL, NULL, NULL, 'M', '40', 23, NULL, '2024-04-01 21:12:34', '2024-04-01 21:12:34'),
(156, 1, 'IRVING ROBLERO', 'DIAZ', '', 'BARRIO LA UNIDAD', NULL, '9623818854', NULL, NULL, NULL, NULL, NULL, 'H', '22', 23, NULL, '2024-04-01 21:12:34', '2024-04-01 21:12:34'),
(157, 1, 'ROSEMBERT CANDIDO', 'MUÑOZ', 'MTZ.', 'BARRIO LA UNIDAD', NULL, '9623820977', NULL, NULL, NULL, NULL, NULL, 'H', '64', 23, NULL, '2024-04-01 21:12:34', '2024-04-01 21:12:34'),
(158, 1, 'TERESA', 'SARMIENTO', 'JIMENEZ', 'BARRIO LA UNIDAD', NULL, '9622512411', NULL, NULL, NULL, NULL, NULL, 'M', '51', 23, NULL, '2024-04-01 21:12:34', '2024-04-01 21:12:34'),
(159, 1, 'CLAUDIA L', 'MUÑOZ', 'SARMIENTO', 'BARRIO LA UNIDAD', NULL, '9622514449', NULL, NULL, NULL, NULL, NULL, 'M', '32', 23, NULL, '2024-04-01 21:12:34', '2024-04-01 21:12:34'),
(160, 1, 'DIANA C.', 'FLORES', 'LOPEZ', 'BARRIO LA UNIDAD', NULL, '9622144318', NULL, NULL, NULL, NULL, NULL, 'M', '33', 23, NULL, '2024-04-01 21:12:34', '2024-04-01 21:12:34'),
(161, 1, 'ROSEMBERT', 'MUÑOZ', 'SARMIENTO', 'BARRIO LA UNIDAD', NULL, '9622144319', NULL, NULL, NULL, NULL, NULL, 'H', '34', 23, NULL, '2024-04-01 21:12:34', '2024-04-01 21:12:34'),
(162, 1, 'MARIA', 'MORALES', 'BARTOLON', '22 AV NORTE S/N', NULL, '9621017466', NULL, NULL, NULL, NULL, NULL, 'M', NULL, NULL, 119, '2024-04-01 21:12:34', '2024-04-01 21:12:34'),
(163, 1, 'JOSE I.', 'MEJIA', 'PEREZ', '22 AV NORTE S/N', NULL, '9621386578', NULL, NULL, NULL, NULL, NULL, 'H', NULL, NULL, 119, '2024-04-01 21:12:34', '2024-04-01 21:12:34'),
(164, 1, 'ADILMA', 'MEJIA', 'MORALES', '22 AV NORTE S/N', NULL, '9622339858', NULL, NULL, NULL, NULL, NULL, 'M', NULL, NULL, 119, '2024-04-01 21:12:34', '2024-04-01 21:12:34'),
(165, 1, 'JOSE DOMINGIO', 'MEJIA', 'B.', '22 AV NORTE S/N', NULL, '9622872472', NULL, NULL, NULL, NULL, NULL, 'H', NULL, NULL, 119, '2024-04-01 21:12:34', '2024-04-01 21:12:34'),
(166, 1, 'JAVIER', 'ARMENTA', 'CH.', '22 AV NORTE S/N', NULL, '9622830875', NULL, NULL, NULL, NULL, NULL, 'H', NULL, NULL, 119, '2024-04-01 21:12:34', '2024-04-01 21:12:34'),
(167, 1, 'MARILITA', 'BRICEÑO', 'AGUILAR', '22 AV NORTE S/N', NULL, '9622914994', NULL, NULL, NULL, NULL, NULL, 'M', NULL, NULL, 119, '2024-04-01 21:12:34', '2024-04-01 21:12:34'),
(168, 1, 'ALBARO', 'MEJIA', 'BRICEÑO', '22 AV NORTE S/N', NULL, '9621246886', NULL, NULL, NULL, NULL, NULL, 'H', NULL, NULL, 119, '2024-04-01 21:12:34', '2024-04-01 21:12:34'),
(169, 1, 'JOSE', 'MEJIA', NULL, '22 AV NORTE S/N', NULL, '9621017466', NULL, NULL, NULL, NULL, NULL, 'H', NULL, NULL, 119, '2024-04-01 21:12:34', '2024-04-01 21:12:34'),
(170, 1, 'LILIA', 'MORALES', 'DIAZ', '2 AV NTE. 27 Y 29 C. PTE., B. LA UNIDAD', NULL, NULL, NULL, NULL, NULL, NULL, NULL, 'M', NULL, 58, NULL, '2024-04-01 21:12:34', '2024-04-01 21:12:34'),
(171, 1, 'ANARELI', 'BAMACA', 'MORALES', '2 AV NTE. 27 Y 29 C. PTE., B. LA UNIDAD', NULL, '9621467999', NULL, NULL, NULL, NULL, NULL, 'M', NULL, 58, NULL, '2024-04-01 21:12:34', '2024-04-01 21:12:34'),
(172, 1, 'ELIZABETH', 'RAMOS', 'LOPEZ', '19 PTE. BARRIO LA UNIDAD ', NULL, '9624025502', NULL, NULL, NULL, NULL, NULL, 'M', NULL, 58, NULL, '2024-04-01 21:12:34', '2024-04-01 21:12:34'),
(173, 1, 'ANA', 'JULIETA', 'HERNANDEZ', '13 OTE. Y 9 AV NTE., B. GUADALUPE', NULL, '9621195873', NULL, NULL, NULL, NULL, NULL, 'M', NULL, 58, NULL, '2024-04-01 21:12:34', '2024-04-01 21:12:34'),
(174, 1, 'ENRIQUE', 'HERNANDEZ', 'CHÁVEZ', '19 PTE. Y 20 AV NTE., B. LA UNIDAD', NULL, NULL, NULL, NULL, NULL, NULL, NULL, 'H', NULL, 58, NULL, '2024-04-01 21:12:34', '2024-04-01 21:12:34'),
(175, 1, 'CATALINA', 'PEREZ', 'GARCIA', '19 PTE. Y 20 AV NTE., B. LA UNIDAD', NULL, NULL, NULL, NULL, NULL, NULL, NULL, 'M', NULL, 58, NULL, '2024-04-01 21:12:34', '2024-04-01 21:12:34'),
(176, 1, 'FAUSTO', 'HERNANDEZ', 'PEREZ', '19 PTE. Y 20 AV NTE., B. LA UNIDAD', NULL, '9622152737', NULL, NULL, NULL, NULL, NULL, 'H', NULL, 58, NULL, '2024-04-01 21:12:34', '2024-04-01 21:12:34'),
(177, 1, 'JOHNNY', 'HERNANDEZ', 'MORALES', '19 PTE. Y 20 AV NTE., B. LA UNIDAD', NULL, NULL, NULL, NULL, NULL, NULL, NULL, 'H', NULL, 58, NULL, '2024-04-01 21:12:34', '2024-04-01 21:12:34'),
(178, 1, 'AIDA', 'MORALES', 'ESCOBAR', '19 PTE. Y 20 AV NTE., B. LA UNIDAD', NULL, NULL, NULL, NULL, NULL, NULL, NULL, 'M', NULL, 58, NULL, '2024-04-01 21:12:34', '2024-04-01 21:12:34'),
(179, 1, 'OLIBERIO', 'DIAZ', 'ROBLERO', '19 PTE. Y 20 AV NTE., B. LA UNIDAD', NULL, '9623829722', NULL, NULL, NULL, NULL, NULL, 'H', NULL, 58, NULL, '2024-04-01 21:12:34', '2024-04-01 21:12:34'),
(180, 1, 'JORAM', 'ABILA', 'GONZALES', '9 PTE Y 22 AV NTE. B. LA UNIDAD', NULL, '9625104582', NULL, NULL, NULL, NULL, NULL, 'H', NULL, 58, NULL, '2024-04-01 21:12:34', '2024-04-01 21:12:34'),
(181, 1, 'EDI', 'LOPEZ', 'DIAZ', '13 PTE. Y 24 AV NTE. B. LA UNIDAD', NULL, NULL, NULL, NULL, NULL, NULL, NULL, 'H', NULL, 58, NULL, '2024-04-01 21:12:34', '2024-04-01 21:12:34'),
(182, 1, 'NAHUM DELFINO', 'GUTIERREZ', 'MORALES', 'BARRIO LA UNIDAD', NULL, '9622932856', NULL, NULL, NULL, NULL, NULL, 'H', '63', 23, NULL, '2024-04-01 21:12:34', '2024-04-01 21:12:34'),
(183, 1, 'CLAUDIA', 'NAYELI', 'GUTIERREZ', 'BARRIO LA  UNIDAD', NULL, '9622932856', NULL, NULL, NULL, NULL, NULL, 'M', '25', 23, NULL, '2024-04-01 21:12:34', '2024-04-01 21:12:34'),
(184, 1, 'TERESA DE', 'JESUS', 'GUTIEREZ', 'BARRIO LA UNIDAD', NULL, '9622932859', NULL, NULL, NULL, NULL, NULL, 'M', '18', 23, NULL, '2024-04-01 21:12:34', '2024-04-01 21:12:34'),
(185, 1, 'SIXTO', 'MORALES', 'BARRIOS', 'BARRIO LA UNIDAD', NULL, '6241929785', NULL, NULL, NULL, NULL, NULL, 'H', NULL, NULL, 118, '2024-04-01 21:12:34', '2024-04-01 21:12:34'),
(186, 1, 'DOMINK', 'RODAS', 'MORALES', 'BARRIO LA UNIDAD', NULL, '8135102772', NULL, NULL, NULL, NULL, NULL, 'H', NULL, NULL, 118, '2024-04-01 21:12:34', '2024-04-01 21:12:34'),
(187, 1, 'BRENDA', 'PATRICIA', 'RODAS', 'BARRIO LA UNIDAD', NULL, '9621136869', NULL, NULL, NULL, NULL, NULL, 'M', NULL, NULL, 118, '2024-04-01 21:12:34', '2024-04-01 21:12:34'),
(188, 1, 'CECILIA', 'MORALES', 'BARRIOS', 'BARRIO LA UNIDAD', NULL, '9622153137', NULL, NULL, NULL, NULL, NULL, 'M', NULL, NULL, 118, '2024-04-01 21:12:34', '2024-04-01 21:12:34'),
(189, 1, 'YARIDMA SHANIK', 'MORALES', 'BARRIOS', 'BARRIO LA UNIDAD', NULL, '9623859953', NULL, NULL, NULL, NULL, NULL, 'M', NULL, NULL, 118, '2024-04-01 21:12:34', '2024-04-01 21:12:34'),
(190, 1, 'SELENE GISEL', 'MORALES', 'BARRIOS', 'BARRIO LA UNIDAD', NULL, '9621125284', NULL, NULL, NULL, NULL, NULL, 'M', NULL, NULL, 118, '2024-04-01 21:12:34', '2024-04-01 21:12:34'),
(191, 1, 'ADULFO', 'LOPEZ', 'LOPEZ', 'BARRIO LA UNIDAD', NULL, '9623285847', NULL, NULL, NULL, NULL, NULL, 'H', NULL, NULL, 118, '2024-04-01 21:12:34', '2024-04-01 21:12:34'),
(192, 1, 'ROXANA', 'MENDEZ', 'BAMACA', 'BARRIO LA UNIDAD', NULL, '9621507665', NULL, NULL, NULL, NULL, NULL, 'M', '27', NULL, 115, '2024-04-01 21:12:34', '2024-04-01 21:12:34'),
(193, 1, 'ROSALBA', 'CRUZ', 'HERNANDEZ', 'CENTRAL NORTE', NULL, '9621421207', NULL, NULL, NULL, NULL, NULL, 'M', '63', NULL, 115, '2024-04-01 21:12:34', '2024-04-01 21:12:34'),
(194, 1, 'REMEDIOS DOLORES', 'JIMENEZ', 'GONZALEZ', 'CENTRAL  NORTE 19', NULL, '9623255784', NULL, NULL, NULL, NULL, NULL, 'M', '58', NULL, 115, '2024-04-01 21:12:34', '2024-04-01 21:12:34'),
(195, 1, 'RENE', 'BARTOLO', 'PEREZ', '10 NTE. BARR. LA UNIDAD', NULL, '9622851217', NULL, NULL, NULL, NULL, NULL, 'H', '34', NULL, 115, '2024-04-01 21:12:34', '2024-04-01 21:12:34'),
(196, 1, 'CALIXTO', 'LOPEZ', 'BARTOLON', '2A AV NTE., BARR. LA UNIDAD', NULL, '9624616866', NULL, NULL, NULL, NULL, NULL, 'H', '73', NULL, 115, '2024-04-01 21:12:34', '2024-04-01 21:12:34'),
(197, 1, 'JACOBO', 'GALVEZ', 'GALVEZ', '8 NTE. Y 29 PTE., BARR. LA UNIDAD', NULL, '9625222153', NULL, NULL, NULL, NULL, NULL, 'H', '70', NULL, 115, '2024-04-01 21:12:34', '2024-04-01 21:12:34'),
(198, 1, 'SALATIEL', 'SANTOS', NULL, '15A NTE.,BARRIO LA UNIDAD', NULL, '9622925605', NULL, NULL, NULL, NULL, NULL, 'H', '62', NULL, 115, '2024-04-01 21:12:34', '2024-04-01 21:12:34'),
(199, 1, 'MERCEDES DE', 'LA', 'PAZ', 'BARRIO LA UNIDAD', NULL, '9621661455', NULL, NULL, NULL, NULL, NULL, 'M', '51', NULL, 115, '2024-04-01 21:12:34', '2024-04-01 21:12:34'),
(200, 1, 'YENI', 'RODRIGUEZ', 'ROBLERO', 'BARRIO 3 HERMANOS', NULL, '9624258837', NULL, NULL, NULL, NULL, NULL, 'M', NULL, NULL, 32, '2024-04-01 21:12:34', '2024-04-01 21:12:34'),
(201, 1, 'GUSTAVO ALEXANDER', 'ALONSO', 'RUIZ', '10 AV NORTE S/N BARRIO LA UNIDAD', NULL, '96245182306', NULL, NULL, NULL, NULL, NULL, 'H', NULL, NULL, 39, '2024-04-01 21:12:34', '2024-04-01 21:12:34'),
(202, 1, 'MARGARITA CONCEPCION', 'RUIZ', 'ROQUE', '17 CALLE PTE. BARRIO LA UNIDAD', NULL, '9627078607', NULL, NULL, NULL, NULL, NULL, 'M', NULL, NULL, 39, '2024-04-01 21:12:34', '2024-04-01 21:12:34'),
(203, 1, 'GUADALUPE', 'RUIZ', 'ROQUE', '17 CALLE PTE. BARRIO LA UNIDAD', NULL, '9996436206', NULL, NULL, NULL, NULL, NULL, 'M', NULL, NULL, 39, '2024-04-01 21:12:34', '2024-04-01 21:12:34'),
(204, 1, 'TEOFILO', 'PEREZ', 'AGUILAR', 'AV CENTRAL NTE. BARR. LA UNIDAD', NULL, NULL, NULL, NULL, NULL, NULL, NULL, 'H', NULL, NULL, 39, '2024-04-01 21:12:34', '2024-04-01 21:12:34'),
(205, 1, 'JUANA', 'ROBLERO', 'GONZALEZ', '19 PONIENTE BARRIO LA UNIDAD', NULL, NULL, NULL, NULL, NULL, NULL, NULL, 'M', NULL, NULL, NULL, '2024-04-01 21:12:34', '2024-04-01 21:12:34'),
(206, 1, 'ODILIA', 'BARTOLON', 'MEJIA', 'CALLE 31A PONIENTE, BARRIO LA UNIDAD', NULL, '9624837912', NULL, NULL, NULL, NULL, NULL, 'M', NULL, NULL, 39, '2024-04-01 21:12:34', '2024-04-01 21:12:34'),
(207, 1, 'BRAYAN ARNOLDO', 'CRUZ', 'BAMACA', '19 CALLE PONIENTE, BARRIO LA UNIDAD', NULL, '9621304897', NULL, NULL, NULL, NULL, NULL, 'H', NULL, NULL, 39, '2024-04-01 21:12:34', '2024-04-01 21:12:34'),
(208, 1, 'JOSE LUIS', 'MIGUEL', 'MENDEZ', '10 AV NORTE #242 BARRIO LA UNIDAD', NULL, '9624724312', NULL, NULL, NULL, NULL, NULL, 'H', NULL, NULL, 39, '2024-04-01 21:12:34', '2024-04-01 21:12:34'),
(209, 1, 'ANIBAL JOSUE', 'PEREZ', 'CHAVEZ', '31A CALLE PONIENTE, BARRIO LA UNIDAD', NULL, '9621007426', NULL, NULL, NULL, NULL, NULL, 'H', NULL, NULL, 39, '2024-04-01 21:12:34', '2024-04-01 21:12:34'),
(210, 1, 'ESAU NEFTALI', 'JIMENEZ', 'GONZALEZ', '17 PTE S/N BARRIO LA UNIDAD', NULL, '6648037018', NULL, NULL, NULL, NULL, NULL, 'H', NULL, NULL, 39, '2024-04-01 21:12:34', '2024-04-01 21:12:34'),
(211, 1, 'ANA ARELI', 'RAMOS', 'PEREZ', '17 PTE S/N BARRIO LA UNIDAD', NULL, '9621512305', NULL, NULL, NULL, NULL, NULL, 'M', NULL, NULL, 39, '2024-04-01 21:12:34', '2024-04-01 21:12:34'),
(212, 1, 'YULIANA GLIFELETH', 'RAMOS', 'GARCIA', '17 PTE S/N BARRIO LA UNIDAD', NULL, '9621442778', NULL, NULL, NULL, NULL, NULL, 'M', NULL, NULL, 39, '2024-04-01 21:12:34', '2024-04-01 21:12:34'),
(213, 1, 'GABRIELA YAQUELIN', 'RAMOS', 'PEREZ', '17 PTE S/N BARRIO LA UNIDAD', NULL, '9622526528', NULL, NULL, NULL, NULL, NULL, 'M', NULL, NULL, 39, '2024-04-01 21:12:34', '2024-04-01 21:12:34'),
(214, 1, 'LIZBETH', 'SIMEONE', 'GUTIERREZ', '27 PTE S/N BARRIO LA UNIDAD', NULL, '9621318603', NULL, NULL, NULL, NULL, NULL, 'M', NULL, NULL, 39, '2024-04-01 21:12:34', '2024-04-01 21:12:34'),
(215, 1, 'HUGO', 'PEREZ', 'CHAVEZ', '18 PTE Y 11 AV NORTE BARRIO LA UNIDAD', NULL, '6161285264', NULL, NULL, NULL, NULL, NULL, 'H', NULL, NULL, 39, '2024-04-01 21:12:34', '2024-04-01 21:12:34'),
(216, 1, 'YENIFER', 'HERNANDEZ', 'PEREZ', '18 PTE Y 11 AV NORTE BARRIO LA UNIDAD', NULL, '6648560729', NULL, NULL, NULL, NULL, NULL, 'M', NULL, NULL, 39, '2024-04-01 21:12:34', '2024-04-01 21:12:34'),
(217, 1, 'FAUSTO', 'PEREZ', 'CHAVEZ', '14 NORTE ENTRE 35 Y 37 PTE', NULL, '9621006678', NULL, NULL, NULL, NULL, NULL, 'H', NULL, NULL, 39, '2024-04-01 21:12:34', '2024-04-01 21:12:34'),
(218, 1, 'ANAHI', 'MORALES', 'RAMOS', '17 PTE S/N BARRIO LA UNIDAD', NULL, '9621218642', NULL, NULL, NULL, NULL, NULL, 'M', NULL, NULL, 39, '2024-04-01 21:12:34', '2024-04-01 21:12:34'),
(219, 1, 'KAREN ELIZABETH', 'MERIDA', 'SANCHEZ', '17 PTE S/N BARRIO LA UNIDAD', NULL, '8124441997', NULL, NULL, NULL, NULL, NULL, 'M', NULL, NULL, 39, '2024-04-01 21:12:34', '2024-04-01 21:12:34'),
(220, 1, 'APARICIO ADAN', 'ROBLERO', 'BARTOLON', '10 AV NORTE S/N BARRIO LA UNIDAD', NULL, '9621861001', NULL, NULL, NULL, NULL, NULL, 'H', '64', NULL, 120, '2024-04-01 21:12:34', '2024-04-01 21:12:34'),
(221, 1, 'KEVIN ADAN', 'ROBLERO', 'ROBLERO', '10 AV NORTE S/N BARRIO LA UNIDAD', NULL, '9621390118', NULL, NULL, NULL, NULL, NULL, 'H', '21', NULL, 120, '2024-04-01 21:12:34', '2024-04-01 21:12:34'),
(222, 1, 'MARIA TERESA', 'ROBLERO', 'ROBLES', '10 AV NORTE S/N BARRIO LA UNIDAD', NULL, '9622582264', NULL, NULL, NULL, NULL, NULL, 'M', '60', NULL, 120, '2024-04-01 21:12:34', '2024-04-01 21:12:34'),
(223, 1, 'YUSELMI VIANEY', 'ROBLERO', 'ROBLERO', '10 AV NORTE S/N BARRIO LA UNIDAD', NULL, '9621275038', NULL, NULL, NULL, NULL, NULL, 'M', '31', NULL, 120, '2024-04-01 21:12:34', '2024-04-01 21:12:34'),
(224, 1, 'YADIRA BERENICE', 'CANCINO', 'GUZMAN', '10 AV NORTE BARRIO LA UNIDAD', NULL, '9621212386', NULL, NULL, NULL, NULL, NULL, 'M', NULL, NULL, 120, '2024-04-01 21:12:34', '2024-04-01 21:12:34'),
(225, 1, 'GABRIELAGUILAR', 'PAZ', NULL, 'B. LA UNIDAD', NULL, '9621143211', NULL, NULL, NULL, NULL, NULL, 'M', '42', NULL, 121, '2024-04-01 21:12:34', '2024-04-01 21:12:34'),
(226, 1, 'AMERICA E.', 'ROBLERO', 'PAZ', 'B. LA UNIDAD', NULL, NULL, NULL, NULL, NULL, NULL, NULL, 'M', NULL, NULL, 32, '2024-04-01 21:12:34', '2024-04-01 21:12:34'),
(227, 1, 'ADIEL ABISAI', 'DIAZ', 'ROBLERO', 'C. 17A PTE 6, BARRIO LA UNIDAD', NULL, '9621126958', NULL, NULL, NULL, NULL, NULL, 'H', NULL, NULL, 32, '2024-04-01 21:12:34', '2024-04-01 21:12:34'),
(228, 1, 'VICENTE', 'PEREZ', 'VELAZQUEZ', 'BARRIO LA UNIDAD', NULL, NULL, NULL, NULL, NULL, NULL, NULL, 'H', '45', 58, NULL, '2024-04-01 21:12:34', '2024-04-01 21:12:34'),
(229, 1, 'RENE', 'LOPEZ', 'ROBLES', 'BARRIO LA UNIDAD', NULL, '9624492437', NULL, NULL, NULL, NULL, NULL, 'H', '32', 23, NULL, '2024-04-01 21:12:34', '2024-04-01 21:12:34'),
(230, 1, 'MARICELA', 'MARTIN', 'PEREZ', 'BARRIO LA UNIDAD', NULL, '9624492437', NULL, NULL, NULL, NULL, NULL, 'H', NULL, 23, NULL, '2024-04-01 21:12:34', '2024-04-01 21:12:34'),
(231, 1, 'AGUSTIN', 'BARRIOS', 'MORA', 'BARRIO LA UNIDAD', NULL, '9624251239', NULL, NULL, NULL, NULL, NULL, 'H', '65', 23, NULL, '2024-04-01 21:12:34', '2024-04-01 21:12:34'),
(232, 1, 'NORMA', 'MARTINEZ', 'FIGUEROA', 'BARRIO LA UNIDAD', NULL, '9622909360', NULL, NULL, NULL, NULL, NULL, 'M', '63', 23, NULL, '2024-04-01 21:12:34', '2024-04-01 21:12:34'),
(233, 1, 'LISBETH', 'GUTIERREZ', 'GARCIA', 'BARRIO LA UNIDAD', NULL, '9621488274', NULL, NULL, NULL, NULL, NULL, 'M', '42', 23, NULL, '2024-04-01 21:12:34', '2024-04-01 21:12:34'),
(234, 1, 'LUIS CARLOS', 'BARRIOS', 'MTZ.', 'BARRIO LA UNIDAD', NULL, '9621847376', NULL, NULL, NULL, NULL, NULL, 'H', '42', 23, NULL, '2024-04-01 21:12:34', '2024-04-01 21:12:34'),
(235, 1, 'NORMA GEISEL', 'BARRIOS', 'GTZ.', 'BARRIO LA UNIDAD', NULL, '9625105214', NULL, NULL, NULL, NULL, NULL, 'M', '22', 23, NULL, '2024-04-01 21:12:34', '2024-04-01 21:12:34');

-- --------------------------------------------------------

--
-- Estructura de tabla para la tabla `roles`
--

CREATE TABLE `roles` (
  `id` bigint(20) UNSIGNED NOT NULL,
  `name` varchar(255) NOT NULL,
  `guard_name` varchar(255) NOT NULL,
  `created_at` timestamp NULL DEFAULT NULL,
  `updated_at` timestamp NULL DEFAULT NULL
) ENGINE=InnoDB DEFAULT CHARSET=utf8mb4 COLLATE=utf8mb4_unicode_ci;

--
-- Volcado de datos para la tabla `roles`
--

INSERT INTO `roles` (`id`, `name`, `guard_name`, `created_at`, `updated_at`) VALUES
(1, 'Admin', 'web', '2024-02-28 07:56:19', '2024-02-28 07:56:19'),
(2, 'Ver-Promovidos', 'web', '2024-02-28 07:56:19', '2024-02-28 07:56:19'),
(3, 'Agregar-Promovidos', 'web', '2024-02-28 07:56:19', '2024-02-28 07:56:19'),
(4, 'Actualizar-Promovidos', 'web', '2024-02-28 07:56:19', '2024-02-28 07:56:19'),
(5, 'Eliminar-Promovidos', 'web', '2024-02-28 07:56:19', '2024-02-28 07:56:19');

-- --------------------------------------------------------

--
-- Estructura de tabla para la tabla `role_has_permissions`
--

CREATE TABLE `role_has_permissions` (
  `permission_id` bigint(20) UNSIGNED NOT NULL,
  `role_id` bigint(20) UNSIGNED NOT NULL
) ENGINE=InnoDB DEFAULT CHARSET=utf8mb4 COLLATE=utf8mb4_unicode_ci;

--
-- Volcado de datos para la tabla `role_has_permissions`
--

INSERT INTO `role_has_permissions` (`permission_id`, `role_id`) VALUES
(1, 1),
(1, 2),
(2, 1),
(2, 3),
(3, 1),
(3, 4),
(4, 1),
(4, 5),
(5, 1),
(6, 1),
(7, 1),
(8, 1);

-- --------------------------------------------------------

--
-- Estructura de tabla para la tabla `secciones`
--

CREATE TABLE `secciones` (
  `id` int(11) NOT NULL,
  `seccion` varchar(4) NOT NULL,
  `nombre` varchar(50) NOT NULL,
  `updated_at` timestamp NULL DEFAULT NULL,
  `created_at` timestamp NULL DEFAULT NULL
) ENGINE=InnoDB DEFAULT CHARSET=utf8mb4 COLLATE=utf8mb4_general_ci;

--
-- Volcado de datos para la tabla `secciones`
--

INSERT INTO `secciones` (`id`, `seccion`, `nombre`, `updated_at`, `created_at`) VALUES
(1, '0163', 'BO. LA UNIDAD', NULL, NULL),
(2, '0164', 'BO. GUADALUPE', NULL, NULL),
(3, '0165', 'BO. MIGUEL HIDALGO', NULL, NULL),
(4, '0166', 'COL. CENTRO', NULL, NULL),
(5, '0167', 'BO. EMILIANO ZAPATA', NULL, NULL),
(6, '0168', 'BO. ALVARO OBREGON', NULL, NULL),
(7, '0169', 'BO. TAMARINDO', NULL, NULL),
(8, '0170', 'EJ. AGUACALIENTE', NULL, NULL),
(9, '0171', 'EJ. AZTECA', NULL, NULL),
(10, '0172', 'EJ. BENITO JUAREZ EL PLAN', NULL, NULL),
(11, '0173', 'EJ. EL PLATANAR', NULL, NULL),
(12, '0174', 'EJ. ALPUJARRAS', NULL, NULL),
(13, '0175', 'EJ. EL AGUILA ', NULL, NULL),
(14, '0176', 'EJ. AGUSTIN DE ITURBIDE', NULL, NULL),
(15, '0177', 'EJ. EL PROGRESO', NULL, NULL),
(16, '0178', 'EJ. UNIÓN ROJA', NULL, NULL),
(17, '0179', 'EJ. BENITO JUAREZ SAN VICENTE', NULL, NULL),
(18, '0180', 'EJ. EL CARMEN', NULL, NULL),
(19, '0180', 'EJ. GUATIMOC', NULL, NULL),
(20, '0181', 'EJ. MIXCUM', NULL, NULL),
(21, '0182', 'EJ. FAJA DE ORO', NULL, NULL),
(22, '0183', 'EJ. AHUACATLAN', NULL, NULL),
(23, '0184', 'EJ. SALVADOR URBINA', NULL, NULL),
(24, '0185', 'EJ. ROSARIO IXTAL', NULL, NULL);

-- --------------------------------------------------------

--
-- Estructura de tabla para la tabla `users`
--

CREATE TABLE `users` (
  `id` bigint(20) NOT NULL,
  `name` varchar(255) NOT NULL,
  `email` varchar(255) DEFAULT NULL,
  `email_verified_at` timestamp NULL DEFAULT NULL,
  `telefono` varchar(20) CHARACTER SET utf8mb4 COLLATE utf8mb4_general_ci DEFAULT NULL,
  `password` varchar(255) DEFAULT NULL,
  `remember_token` varchar(100) DEFAULT NULL,
  `rol` varchar(50) CHARACTER SET utf8mb4 COLLATE utf8mb4_general_ci DEFAULT NULL,
  `id_seccion` int(11) DEFAULT NULL,
  `created_at` timestamp NULL DEFAULT NULL,
  `updated_at` timestamp NULL DEFAULT NULL
) ENGINE=InnoDB DEFAULT CHARSET=utf8mb4 COLLATE=utf8mb4_unicode_ci;

--
-- Volcado de datos para la tabla `users`
--

INSERT INTO `users` (`id`, `name`, `email`, `email_verified_at`, `telefono`, `password`, `remember_token`, `rol`, `id_seccion`, `created_at`, `updated_at`) VALUES
(1, 'Admin', 'Admin@gmail.com', NULL, '9621863131', '$2y$12$xz86Vn0Iajgf5h/EnpcVueuPkjt6s.oTcVFU4phQJnYEG4pIXYzTK', NULL, 'administrador', NULL, '2024-03-08 10:09:05', '2024-03-31 22:46:25'),
(23, 'ARTURO ROBLERO PAZ', NULL, NULL, '9621222471', '$2y$12$tfYd3uIpeNt3F/9j5kQ5Eu37M.sJg9I3C8tNv2bQHuIr8K4wAbw/2', NULL, 'responsable', 1, '2024-03-26 19:45:16', '2024-03-31 22:54:53'),
(25, 'MARIA GUADALUPE MANCERA RAMIREZ', NULL, NULL, '9621373882', '$2y$12$pCovsT8cZcZQXK20Pb.8EO11qK5lfrrTTCNh7YRpDfOWhqVVZbRYq', NULL, 'responsable', 3, '2024-03-26 19:46:16', '2024-03-31 23:13:36'),
(26, 'ANA LUISA MANCERA RAMIREZ', NULL, NULL, '9622948082', '$2y$12$QQ7YpyLFxgFD12XrjL.sjO4gXb1aWdfpxSxrJCZRhRVPYlzjiLeWK', NULL, 'responsable', 4, '2024-03-26 19:46:32', '2024-03-31 23:15:00'),
(27, 'MARIA GUADALUPE LOPEZ MONZON', NULL, NULL, '9624618117', '$2y$12$p8j2atZD4mXWL4//Xtyj2.h2fnu41XVoTwurgcAG0y2a4oRdNC8ty', NULL, 'responsable', 5, '2024-03-26 19:46:44', '2024-03-31 23:19:21'),
(28, 'MARCO VINICIO RABANALES LOPEZ', NULL, NULL, '9626229992', '$2y$12$vZLuT.EkayZWVOzni77.a.dTzdo79UN9ORutq98bNoKsKOdypxOle', NULL, 'responsable', 6, '2024-03-26 19:46:57', '2024-03-31 23:21:30'),
(29, 'VICTOR MANUEL REINA CHILEL', NULL, NULL, '9621842237', '$2y$12$VUO7szNUy.N6Dexe23RLr.sAqN5kLriQUvJeea/59tzoNPUROTKCC', NULL, 'responsable', 6, '2024-03-26 19:47:15', '2024-03-31 23:21:53'),
(31, 'SALUSTIO SALAS ROBLERO', NULL, NULL, '9621346587', '$2y$12$DthIQJO..H/JQjjkiAsblepNi0Lhq1u9NeX.18rU6LPBkUkuFOx1O', NULL, 'responsable', 9, '2024-03-26 19:56:25', '2024-03-31 23:31:44'),
(32, 'ESTEBAN BRAVO VERDUGO', NULL, NULL, '9624906807', '$2y$12$JvZih450bl0J6/Gn4KZCXuf2ELy07pHganvZOawsnyhBo1hAyPmzO', NULL, 'responsable', 10, '2024-03-26 19:56:50', '2024-03-31 23:38:29'),
(33, 'RAMON ESCALANTE VELAZQUEZ', NULL, NULL, '9624593500', '$2y$12$SUup.Fw9n1xlKx6DEnre8uR8VkKcUQGKyb.kZ.YxIfWioK9TJvh3G', NULL, 'responsable', 10, '2024-03-26 19:57:20', '2024-03-31 23:38:44'),
(35, 'RAUL ALEXANDER MANCERA RAMIREZ', NULL, NULL, '9621871999', '$2y$12$ovWAbF8n1wOcGiFXFl4ImelE.B2pcbjE1/rmChhHaqEdzsQQffEju', NULL, 'responsable', 11, '2024-03-26 19:59:09', '2024-03-31 23:46:11'),
(37, 'DAVID ESCOBEDO MORALES', NULL, NULL, '9626954975', '$2y$12$viELPvCGqyPuBvUnugP1YeUKyQSSaY3C4G1mORrjRyAD9TfJenDku', NULL, 'responsable', 14, '2024-03-26 20:00:10', '2024-04-01 00:18:42'),
(38, 'ALEJANDRO SANCHEZ (JANDY)', NULL, NULL, '9621390658', '$2y$12$Blx37w6R5bLirb8LEM2o6.2DD2pxtgifZr4Y7INkYcSHxNFbMV1dG', NULL, 'responsable', 15, '2024-03-26 20:00:28', '2024-04-01 00:28:15'),
(39, 'ABINADAB YOVANI MUÑOZ RODRIGUEZ', NULL, NULL, '9621325378', '$2y$12$hSyvhLIIa5vmnXlXFfyeLuy4gCOD1aopLxTOPVlMuwuDUjcqyILUe', NULL, 'responsable', 12, '2024-03-26 20:03:25', '2024-04-01 00:12:15'),
(40, 'OSCAR DAVID VILLATORO HERNANDEZ', NULL, NULL, '9622447576', '$2y$12$BMziNLRjKIdNZAadbqMFROg5ta2l1Oe7dex5zrj2//c/bFiFJHsr.', NULL, 'responsable', 17, '2024-03-26 20:03:41', '2024-04-01 00:49:24'),
(41, 'MERLY PAOLA MANCERA RAMIREZ', NULL, NULL, '9621159768', '$2y$12$8SFcGfhj1I4QzIzAPBNEDeWWmK0OZPFl7syDljCygQCbdoziM2kge', NULL, 'responsable', 3, '2024-03-26 20:03:51', '2024-03-31 23:14:03'),
(42, 'CARLOTA DEL C. BAUTISTA CASTAÑEDA', NULL, NULL, '9626229305', '$2y$12$HVcLTC06tUVL6AlWt3FTiOXhSCSJo4Jq83lmiKfxnXotvZSzTxJou', NULL, 'responsable', 18, '2024-03-26 20:04:04', '2024-04-01 00:50:56'),
(43, 'VICTOR SALAS ROBLERO', NULL, NULL, '9623304621', '$2y$12$ikSnC7/SpzdqHwXnp86ZWu3KmyLEm97KVYMRZR6X5PclXMCO/80GC', NULL, 'responsable', 19, '2024-03-26 20:04:33', '2024-04-01 00:55:43'),
(44, 'PROFR. CARLOS ALCIRES HERNANDEZ', NULL, NULL, '9621684704', '$2y$12$r5BJ5OhGCUZPPSUMRCL.0u.ZAAMNYMLNzqXgOoENXOnVHm5JKauia', NULL, 'responsable', 20, '2024-03-26 20:04:48', '2024-04-01 01:01:59'),
(45, 'VICTOR MATIAS LOPEZ MEJIA', NULL, NULL, '9621036094', '$2y$12$T2zpbyB9Qi2cjrWyBu6zTuiSRIsWRTjFvWwAFmptt2lP4eR90vOKS', NULL, 'responsable', 20, '2024-03-26 20:05:05', '2024-04-01 01:03:07'),
(47, 'LUT MARGARITA VAZQUEZ MACARIO', NULL, NULL, '9621467112', '$2y$12$34c.T0cUY7iLIpopEXb7Q.RHDo6UdEvPCbwontVhtK19UrPkajPli', NULL, 'responsable', 22, '2024-03-26 20:05:40', '2024-04-01 01:11:54'),
(48, 'RODIMIRO BARRIOS GONZALEZ', NULL, NULL, '9621157447', '$2y$12$LSyCLBZFnTotA0j27pZXpOaBf/RrCWc9zBQTBnvMi1TjMS5.IKU/.', NULL, 'responsable', 23, '2024-03-26 20:05:54', '2024-04-01 01:16:08'),
(50, 'EDUARDO A. BARRIOS MORALES', NULL, NULL, '9622924577', '$2y$12$DzkleN6B5Zd/9NiASsIx7eZ04GLAiBoRQrrnuWFVQS00D7BnfBDge', NULL, 'responsable', 24, '2024-03-26 20:06:18', '2024-04-01 01:16:34'),
(51, 'MADAI DE LEON DIAZ', NULL, NULL, '9625651584', '$2y$12$TigemnLZ/G7OeZeyw.RnmurwTnqgYI6YtwKyjTBNxEfazN7zpFQIm', NULL, 'responsable', 1, '2024-03-26 21:16:02', '2024-03-31 23:01:25'),
(57, 'GONZALO BARRIOS', NULL, NULL, '9621528362', '$2y$12$lSaOHP7TW7i0vlsYozvRxO.bGpJeUEfOW.DV0hY.NUTJeKTG1nkiO', NULL, 'responsable', 2, '2024-03-26 21:25:50', '2024-03-31 23:10:09'),
(58, 'UBALDINO VENTURA', NULL, NULL, '9621021721', '$2y$12$GUarTAIKberZdyjeKacxDeZG.KPL4MnFBoEL7GVyPMXdmSrkSHguC', NULL, 'responsable', 1, '2024-03-26 21:26:12', '2024-03-31 23:00:06'),
(62, 'AVE ALEJANDRA MENDEZ DIAZ', NULL, NULL, '9624857900', '$2y$12$OOZXMCDyW8hImnR1XHeJDOG9ySsbWd1IV8hyVWGER3ndY.oBiPAmS', NULL, 'responsable', 2, '2024-03-28 08:25:10', '2024-03-31 23:10:56'),
(63, 'ELIGIO LOPEZ ROBLERO', NULL, NULL, '9624240657', '$2y$12$PzmXb.fAUDAwmIs0ahr/zOew/ldESmU6bm0./ItuhJ51lapYnd8sS', NULL, 'responsable', 2, '2024-03-28 08:25:31', '2024-03-31 23:11:27'),
(64, 'EFRAIN HERNANDEZ MOLINA', NULL, NULL, '9621067264', '$2y$12$t/RYqX5BuCjJd2wWMfRlWOUqpV0bamvV5YO9ScIWeIMN7PRFKV.Hu', NULL, 'responsable', 2, '2024-03-28 08:26:05', '2024-03-31 23:11:52'),
(65, 'MERCEDES ELIZABETH ESCOBAR SAMAYOA', NULL, NULL, '9621648615', '$2y$12$eKNoCsXJD2VDvqhkXHBFM.c9ekA9ZgI9d71dK.FsW7IYh/A6rhFk2', NULL, 'responsable', 2, '2024-03-28 08:26:28', '2024-03-31 23:12:39'),
(66, 'PROFRA. YOLANDA DE LEON MARTINEZ', NULL, NULL, '9621882165', '$2y$12$imsWZrRxquDtUauM4J5hfuAVs6m4oY7TI1o0jA0k26ta0n8vyfjJq', NULL, 'responsable', 3, '2024-03-28 08:27:54', '2024-03-31 23:14:42'),
(67, 'VIRGINIA LOPEZ CABRERA', NULL, NULL, '9621479464', '$2y$12$fnuH0kq6igfJI.CuopwZAeHAQYPhLaPexaq1Ue2huWzJzJcwvGuzq', NULL, 'responsable', 6, '2024-03-28 08:28:42', '2024-03-31 23:24:37'),
(68, 'XOCHITL NAJERA RODAS', NULL, NULL, '9621081721', '$2y$12$v78V7Qcih8aWEEUrA2RMDumsgsETcERKmUCJtY1HRHJ6MboHuUtcy', NULL, 'responsable', 5, '2024-03-28 08:29:23', '2024-03-31 23:19:44'),
(69, 'NESTOR MORADO NAJERA', NULL, NULL, '9621310091', '$2y$12$82lnzY6AWVqrbm/Oasgq7O7Dq.QiHVnWdhVY73RL9TIAcJ0zPvrei', NULL, 'responsable', 5, '2024-03-28 08:29:55', '2024-03-31 23:20:04'),
(70, 'CHRISTIAN GONZALEZ', NULL, NULL, '9617063342', '$2y$12$Iu.fhflqVZNlAUL5M5eKleOTECt679ke6tNBzV6uKB6eyi5iTr6/y', NULL, 'responsable', 5, '2024-03-28 08:30:07', '2024-03-31 23:20:32'),
(71, 'LUIS FERNANDO LOPEZ GUILLEN', NULL, NULL, '9621394958', '$2y$12$qIK2X13SYIgCxAgmxnNTteT.8V1u7Iw25Lf.oWU8/VVxrwe7X7gn.', NULL, 'responsable', 6, '2024-03-28 08:30:49', '2024-03-31 23:22:57'),
(72, 'DIEGO GONZALEZ', NULL, NULL, '9622331015', '$2y$12$VmtJH5HFdV.kaxtZGIxUDuyZwK.TDmbzEN7sEX1M5LcmH/MuME9rS', NULL, 'responsable', 6, '2024-03-28 08:31:12', '2024-03-31 23:23:28'),
(73, 'ALMADELIA MANCERA RAMIREZ', NULL, NULL, '9621354681', '$2y$12$nM5fvcjnUCNolibq1wVfL.fjWcprFtU7WPlgh6flniR4oAd.gptKy', NULL, 'responsable', 7, '2024-03-28 08:32:38', '2024-03-31 23:25:11'),
(74, 'GLADIS BELEN MANCERA RAMIREZ', NULL, NULL, '9621108749', '$2y$12$Tt6cDvwcJWKfEksBshgn3u49HZobOL2sI.FEXm3Of8VUCLoVcMjhK', NULL, 'responsable', 7, '2024-03-28 08:32:58', '2024-03-31 23:25:36'),
(75, 'ALONDRA MANCERA DAVILA', NULL, NULL, '9623178480', '$2y$12$eXzfubCz0ye9ng.qUBTNfe8JhleQHn3jlkFcE.UBBw1r88BT9yS0i', NULL, 'responsable', 7, '2024-03-28 08:33:12', '2024-03-31 23:25:51'),
(76, 'CONT. VIRGINIA LOPEZ MERIDA', NULL, NULL, '9621933949', '$2y$12$29DG9nFhtREXPyP4ndM/LuZ5iEcvwN1IUuzrecXJzIjCXdcvqWMxa', NULL, 'responsable', 7, '2024-03-28 08:33:54', '2024-03-31 23:26:29'),
(77, 'ANA BELEN CIFUENTES MANCERA', NULL, NULL, '9621330477', '$2y$12$EgmsaL7LclctY6ySG6qTIetbu6QyPbdVtFAz4guW72r0GN2GFVg3S', NULL, 'responsable', 8, '2024-03-28 08:34:45', '2024-03-31 23:27:07'),
(78, 'ARTURO VELAZQUEZ PEREZ (Rancho Quem.)', NULL, NULL, '9622535690', '$2y$12$gl15pntsMVGj5re0vfN.q.n5VoO5KfLqbWN33LOiEx3qZHKm3x0xC', NULL, 'responsable', 9, '2024-03-28 08:35:26', '2024-03-31 23:32:13'),
(79, 'ABELARDO PEREZ HERNANDEZ', NULL, NULL, '9624251516', '$2y$12$GDYjxTjjCRdWpOgDzZ1di.z0ys7vui6pfNr/repYgjGMK192XkCb2', NULL, 'responsable', 9, '2024-03-28 08:35:54', '2024-03-31 23:32:29'),
(80, 'GERARDO PEREZ BARTOLON', NULL, NULL, '9621152390', '$2y$12$OI1OMM7TW2aSFjlnGTOnKeKnJnQgxp960T0w6VhiXdw5CCbLZgvgq', NULL, 'responsale', 10, '2024-03-31 23:41:51', '2024-03-31 23:41:51'),
(81, 'RAMON ARTURO PEREZ ESCOBAR', NULL, NULL, '9621241505', '$2y$12$GXqYAsh8MnOV41PL2gFzy.z74zBMZWUKLGTXiVePAHnkVXQOcfiA6', NULL, 'responsable', 11, '2024-03-31 23:47:05', '2024-03-31 23:47:05'),
(82, 'SANDI LAPARRA RODAS', NULL, NULL, '9625163498', '$2y$12$YcP0aeeKXLKtgKXSroufAu3t6b/h5wM8ZOmaqzpOSB2ymVE9DoZsq', NULL, 'responsable', 11, '2024-03-31 23:47:42', '2024-03-31 23:47:42'),
(83, 'NOEMI PEREZ ROBLERO', NULL, NULL, '9622219073', '$2y$12$a8vcC3NzH0uV8oLTIyLzaOCO/dE.mftxF8V3h09ZB2R.R93k2p8dq', NULL, 'responsable', 11, '2024-03-31 23:48:52', '2024-03-31 23:48:52'),
(84, 'ING. DAVID MIGUEL RAMOS', NULL, NULL, NULL, '$2y$12$5gIVLGiNlcgRyIU.4vQ5POt6C.joYmS.bgKI1PGDRQdKtSgL5JMzS', NULL, 'responsable', 11, '2024-03-31 23:49:42', '2024-03-31 23:49:42'),
(85, 'VICTOR NOEL MERIDA SANTOS', NULL, NULL, '9622921183', '$2y$12$Bd3kXlLc3UbMgnaAOGZ9pODlaMgCtuCVA69tyk5sMySN2WM4vLj66', NULL, 'responsable', 12, '2024-04-01 00:12:58', '2024-04-01 00:12:58'),
(86, 'ESAU (Montecristo)', NULL, NULL, '9622854647', '$2y$12$NMi6329MRLQnSE/0ObGu0.hPLC1GAHWBPXmiBWFB.GilZrdBUY8D6', NULL, 'responsable', 12, '2024-04-01 00:13:23', '2024-04-01 00:13:23'),
(87, 'ROSALBA OCHOA', NULL, NULL, '9621013685', '$2y$12$bLpWH6tSgDC06DK2Cjfby.qqmlRCWzdImG52fU7e1nAK1mpyhLYc2', NULL, 'responsable', 12, '2024-04-01 00:14:02', '2024-04-01 00:14:02'),
(88, 'JORGE ROMÉNIGUE DIAZ BAMACA', NULL, NULL, '9621132446', '$2y$12$ubu5F4OiGAk5PFjrn7iUA.NJuNfIQpV0jde38SZn8jnNDA2fW1Yde', NULL, 'responsable', 12, '2024-04-01 00:14:31', '2024-04-01 00:14:31'),
(89, 'ING. JOSE ANGEL ESCALANTE ORANTES', NULL, NULL, NULL, '$2y$12$Xi5rK1zA9VF17Ep2CdDK1uVet0zDWfai5g7VnagrZMsjgZlqKO6jm', NULL, 'responsable', 13, '2024-04-01 00:16:16', '2024-04-01 00:16:16'),
(90, 'ING. PATRICIA LOPEZ ORTIZ', NULL, NULL, NULL, '$2y$12$5k1uXgqO8QEq6jGi2ZRCR.y1yOB22ubAebs2kWgyRS9.KysuknaO.', NULL, 'responsable', 13, '2024-04-01 00:16:47', '2024-04-01 00:16:47'),
(91, 'CAROLINA', NULL, NULL, '9623091720', '$2y$12$urv5va2WM.q/o4PA5c1OQOlLAsjl2Hhcln7DtNMSDrT0BdrCBjW7e', NULL, 'responsable', 13, '2024-04-01 00:18:01', '2024-04-01 00:18:01'),
(92, 'AIME BALTAZAR', NULL, NULL, '9624239019', '$2y$12$fPKJCaKuA0NB3V3Vv/6uZ.LqENH8xYxWVWvdga6Bh/E2bEOqe3dhK', NULL, 'responsable', 14, '2024-04-01 00:19:08', '2024-04-01 00:19:08'),
(93, 'KARLA MONSERRAT VILLATORO GARCIA', NULL, NULL, '9625089647', '$2y$12$8trRmKQj8i710uJFlJGNou9wslcURdRVs6RXPH348u4gJtJuqnKwe', NULL, 'responsable', 14, '2024-04-01 00:19:41', '2024-04-01 00:19:41'),
(94, 'LUCIENI ESCALANTE CHUN', NULL, NULL, '9624582110', '$2y$12$e8ruufPZNLEfK7msSkT5HuUPiMmk01vY8eou9Bw6t5HxvURV/hycW', NULL, 'responsable', 15, '2024-04-01 00:28:48', '2024-04-01 00:28:48'),
(95, 'SELENIVAZQUEZ DE LEON', NULL, NULL, '9626093041', '$2y$12$Nj9ONArgT1120/uJVq96MelFQRk5nsQI9qcQ8LfM1ECTP/wy7Fpiq', NULL, 'responsable', 15, '2024-04-01 00:45:34', '2024-04-01 00:45:34'),
(96, 'RAFAEL EDUARDO DE LOS REYES RAMIREZ', NULL, NULL, '9616667171', '$2y$12$aWQnF26kya98epFCBaT1rOc3qaPc6AGcCJteDw.WQphhUphWr0voW', NULL, 'responsable', 16, '2024-04-01 00:46:31', '2024-04-01 00:46:31'),
(97, 'JESUS A. JUAREZ RODRIGUEZ', NULL, NULL, '9621048265', '$2y$12$AEYvW25l.EO3NRldh476fOd1d2HPT1EtuEo.SHNOT2zdVrFpQ3Eie', NULL, 'responsable', 18, '2024-04-01 00:51:37', '2024-04-01 00:51:37'),
(98, 'JUANITA ARBITRO', NULL, NULL, '9622881390', '$2y$12$aPxsHPX.lFA8Ps22gLEveObtmwl3w8npaDRXN5E.O4PbhZI3xI9k6', NULL, 'responsable', 18, '2024-04-01 00:52:02', '2024-04-01 00:52:02'),
(99, 'JUAN CARLOS GALLARDO', NULL, NULL, '9622534421', '$2y$12$EPcDOQ75BBKdrzlzxRUM.uG/B.z1eGdxWkJhpEtIj43vzy3wfWKRK', NULL, 'responsable', 19, '2024-04-01 00:56:30', '2024-04-01 00:56:30'),
(100, 'CONSUELO SANCHEZ', NULL, NULL, '9624277428', '$2y$12$q5gGuS/KrebYQBIuOl3BJuntvW/7sSQHr1ROsbq6yWSJax1MMK4u2', NULL, 'responsable', 19, '2024-04-01 00:57:14', '2024-04-01 00:57:14'),
(101, 'ROEL GERONIMO VELAZQUEZ', NULL, NULL, '9622723158', '$2y$12$hTZtbW9GauXuzdZRX012.uZhwapP2A6GSH/RoHSJ2BSJCmaWTU8DK', NULL, 'responsable', 20, '2024-04-01 01:04:00', '2024-04-01 01:04:00'),
(102, 'JORGE LOPEZ DIAZ', NULL, NULL, '9622167016', '$2y$12$nDOedmYrFbX1xaM05VUgLefLFQLnbjbgNGgIR5gaHVbqhJNzy9nkC', NULL, 'responsable', 20, '2024-04-01 01:04:41', '2024-04-01 01:04:41'),
(103, 'MARICELA PINEDA ZUNUR (2 de mayo)', NULL, NULL, '9622167016', '$2y$12$vF8s2h1xZLMHId/bBBjSS.QmZDYosYSWD31y2AH4ElPid4WoP2YmO', NULL, 'responsable', 20, '2024-04-01 01:05:20', '2024-04-01 01:05:20'),
(104, 'MARTHA VELASQUEZ', NULL, NULL, '9621213019', '$2y$12$TAYFVNVtmB9MPpC505hj1.Hhzx2niiuYzD5AogGuDuEY7MorYveXm', NULL, 'responsable', 21, '2024-04-01 01:06:29', '2024-04-01 01:06:29'),
(105, 'OTILIO AGUILAR CANCINO', NULL, NULL, '9621309266', '$2y$12$b9OfAvPUpmH8fEuodQWeMuWw0UNl8U6qZb3U/1IDMODySL/r3jT7q', NULL, 'responsable', 21, '2024-04-01 01:06:57', '2024-04-01 09:16:02'),
(106, 'ALFONSO A. VELASQUEZ ANTON', NULL, NULL, '9624035059', '$2y$12$1deiQO9.5Gsc3pa4G313wODXyZJd.bwV8SCE6Y8X21kfJfVlaP9G6', NULL, 'responsable', 21, '2024-04-01 01:07:43', '2024-04-01 09:18:43'),
(107, 'ESAU GOMEZ', NULL, NULL, NULL, '$2y$12$YFYfsB0nxzyV8Ds6gNVVcecC3jzccyz6z1/sTsAv3sSuLihXVv4z6', NULL, 'responsable', 21, '2024-04-01 01:08:38', '2024-04-01 01:08:38'),
(108, 'JERSON ELI BARRIOS GONZALEZ', NULL, NULL, '9621126527', '$2y$12$PxCVXd7ctiCf3EPu1n95ru1DZwAfb7E3SuYofHQ15NUvprsLfolqG', NULL, 'responsable', 22, '2024-04-01 01:12:31', '2024-04-01 01:12:31'),
(109, 'PROFR. ALAN KEVIN RAMOS VILLALOBOS', NULL, NULL, '9621489079', '$2y$12$NRhAiQxj7cnxZB7eZq4qaOpRu4gM5POHXucQyR1ID29hfGWM0aYoK', NULL, 'responsable', 22, '2024-04-01 01:13:31', '2024-04-01 01:13:31'),
(110, 'HECTOR ROBERTO TAVERNIER MONTES', NULL, NULL, '9612887161', '$2y$12$X5PIvf03Fx1wIi59DtiCdueVIUWFGb.y9LS1e76zvg6wptqX94d4q', NULL, 'responsable', 22, '2024-04-01 01:14:29', '2024-04-01 01:14:29'),
(111, 'PROFR. FRANCISCO JAVIER GOMEZ AGUILAR', NULL, NULL, '9621361477', '$2y$12$wSQUMDm7udWlWrOxxlNO8uufUptVVMBVvV9jZxhDPLCBykx7a.h6u', NULL, 'responsable', 22, '2024-04-01 01:15:04', '2024-04-01 01:15:04'),
(112, 'SANTITA ISENY MORALES TEMA', NULL, NULL, '9621493247', '$2y$12$Ylod/wCwHhVB6Ba1Jk.zm.sYPEz3yZG07YuCISvkjfo4gFD2PRW/e', NULL, 'responsable', 24, '2024-04-01 01:16:57', '2024-04-01 01:16:57'),
(113, 'ABELINO GARCIA ZACARIAS', NULL, NULL, '9621042736', '$2y$12$GCroS4gwkotpEdkwcco51eYaTbv2DuLf4.CT3gFpbEfdMPSt8.d/q', NULL, 'responsable', 24, '2024-04-01 01:17:19', '2024-04-01 01:17:19'),
(114, 'ING. FERNANDO ARREVILLAGA', NULL, NULL, '9621423496', '$2y$12$1ctyRMRE.Qp0VQEDwYBaHO3NDT45GEoAQmAdUASnpa3fov5lNxg1O', NULL, 'responsable', 24, '2024-04-01 01:18:02', '2024-04-01 01:18:02'),
(115, 'AMANDA PAZ', NULL, NULL, NULL, '$2y$12$UBziWpZLpolASlUuZJsBC.Tck5o54P19ctb8Xj8vJ2gg2eLEhWzFK', NULL, 'promotor', 1, '2024-04-01 07:55:42', '2024-04-01 07:55:42'),
(116, 'ZOCORRO PAZ', NULL, NULL, NULL, '$2y$12$dzZQAbbY6outebkjndMCueJcggaQc0Lr9Zw4urZkCyKGg3gN4tVaO', NULL, 'promotor', 1, '2024-04-01 07:56:42', '2024-04-01 07:56:42'),
(117, 'PABLO TORRE BLANCA', NULL, NULL, NULL, '$2y$12$HQzoJ8dUl.MtjswOuhgPl..Z9g6ImHxh1.7pUDW13m2to77sWVjn6', NULL, 'promotor', 1, '2024-04-01 07:57:40', '2024-04-01 07:57:40'),
(118, 'RAUL RODAS', NULL, NULL, NULL, '$2y$12$dbvIJr/cj.kCXJeJcG1fEegHJt2Suc7L1YrKoG4c4hwAOCJeAD.Jy', NULL, 'promotor', 1, '2024-04-01 07:58:35', '2024-04-01 07:58:35'),
(119, 'ESTHER', NULL, NULL, NULL, '$2y$12$Ip2Mv8J9lER0BfhYX4gJAuKTIwXhBKlzcFeRusbnYgzLgfawqhdJ.', NULL, 'promotor', 1, '2024-04-01 08:01:29', '2024-04-01 08:01:29'),
(120, 'YUSELMI ROBLERO', NULL, NULL, NULL, '$2y$12$SsqrnPVRrku5tpioz2oI6Odi73V7xZVliKVrsUeb4JYo5E0zgM0Eq', NULL, 'promotor', 1, '2024-04-01 08:04:11', '2024-04-01 08:04:11'),
(121, 'GLENDIS GOMEZ PINEDA', NULL, NULL, NULL, '$2y$12$qlbtarZ.8ZqqXBs3rEl.leaelAEyMeGdows6JEhKXkT1IAuV1SNvS', NULL, 'promotor', 1, '2024-04-01 08:05:04', '2024-04-01 08:05:04'),
(122, 'GABRIEL REYNOSA ORTIZ', NULL, NULL, NULL, '$2y$12$5Bh5e1kbhhjdIvPhpEphNO/oZiNG7JzReUwV.fqe56NJ73KVAR0Aq', NULL, 'promotor', 11, '2024-04-01 08:34:34', '2024-04-01 08:34:34'),
(123, 'JUAN CARLOS DE LEON R.', NULL, NULL, NULL, '$2y$12$tBHBPENEF.WpdYRUooUdMufqg/NsuR2so1wCfbanXpltR/Lihzn9q', NULL, 'promotor', 18, '2024-04-01 08:41:05', '2024-04-01 08:41:05'),
(124, 'PATRICIA DE LEON', NULL, NULL, NULL, '$2y$12$pV25mtGtw8YN.RwpCrxxcu8LJdlR4si1dsB4VCW6tK12g0FwRjA3S', NULL, 'promotor', 20, '2024-04-01 08:46:34', '2024-04-01 08:46:34'),
(125, 'ERODITA CASTILLO M.', NULL, NULL, NULL, '$2y$12$uvUSny.9xb4BWC8suYvTX.52EjbE3PhhSYq4CDrMBStWi4x.4YzFK', NULL, 'promotor', 20, '2024-04-01 08:47:10', '2024-04-01 08:47:10'),
(126, 'TERESITA MORALES O.', NULL, NULL, NULL, '$2y$12$Tg9Obn5diRUIAC.dgfuD7eW7uoLAJL1azKRi9sti2CieRAkI30VlC', NULL, 'promotor', 20, '2024-04-01 08:47:47', '2024-04-01 08:47:47'),
(127, 'FRANCISCA GOMEZ DIAZ', NULL, NULL, NULL, '$2y$12$cCIDOCGp9ekP9xUcdPr5NeIeb8LUmMxjRjDJNmSFPixaEuJe4aioa', NULL, 'promotor', 20, '2024-04-01 08:48:22', '2024-04-01 08:48:22'),
(128, 'FLOR DE MARIA DE LEON M.', NULL, NULL, NULL, '$2y$12$sq2VpvjChX96o12qa0UAluBTp4KoK6PIE3fyqKxJ.zSxOjqCMv882', NULL, 'promotor', 20, '2024-04-01 08:49:19', '2024-04-01 08:49:19'),
(129, 'MARLENE PEREZ MALO', NULL, NULL, NULL, '$2y$12$PsHCtG0gI/lkSvt3j4iyjOLd1uOll4Z/4VB66NTAcMERV/DebXMVS', NULL, 'promotor', 20, '2024-04-01 08:50:26', '2024-04-01 08:50:26'),
(130, 'LETICIA MAZARIEGOS LOPEZ', NULL, NULL, NULL, '$2y$12$cDGbS/xj4gnJOAXO4MQVVe5msmUuSPkIxTRLLcibjKXXzvHNsWhwe', NULL, 'promotor', 20, '2024-04-01 08:50:51', '2024-04-01 08:50:51'),
(131, 'TOMAS GOMEZ PEREZ', NULL, NULL, NULL, '$2y$12$YkfDOCmBWoDpAnkr5qjODudWFO6Oi8h2u3lzlcAkITQtap7NmkiRu', NULL, 'promotor', 20, '2024-04-01 08:51:45', '2024-04-01 08:51:45'),
(132, 'ROSA ELENA GOMEZ', NULL, NULL, NULL, '$2y$12$5hW32f0QNTH4V16.XqpdvOr3gY8FXm1Fx8uz7m/wK/jGvszPMVbNO', NULL, 'promotor', 20, '2024-04-01 08:52:19', '2024-04-01 08:52:19'),
(133, 'TERESA DE JESUS ROBLERO', NULL, NULL, NULL, '$2y$12$chdnCT61RSLNy6qGZGVsOePpf/BANNIdBl/LEFE12r.yeKSBNEwgS', NULL, 'promotor', 20, '2024-04-01 08:52:49', '2024-04-01 08:52:49'),
(134, 'MONICA LIZBETH CASTILLO', NULL, NULL, NULL, '$2y$12$QyG64HkRNdAXaYVozhnXOuoDHcVrRo8jBhT4HwC9EfsZIP6mpLCkm', NULL, 'promotor', 20, '2024-04-01 08:53:35', '2024-04-01 08:53:35'),
(135, 'JUAN MEJIA MORALES', NULL, NULL, NULL, '$2y$12$PZSgCP4OJ6Ma6cWW8lW.0Oy7cUni7dayBDZ9mn7m1WTlLOfu.adie', NULL, 'promotor', 20, '2024-04-01 08:54:07', '2024-04-01 08:54:07'),
(136, 'GUSTAVO GIRON BARRIOS', NULL, NULL, NULL, '$2y$12$wWoHczs0iiOHFZv5AUiFyuWzNM9oK4sW8VfVnfU3SOOcMADkn05qm', NULL, 'promotor', 20, '2024-04-01 08:54:33', '2024-04-01 08:54:33'),
(137, 'FRANCISCO JAVIER BARRIOS', NULL, NULL, NULL, '$2y$12$6s.Xxh6QK1otQpJcFA506OaKf2jodZy5QlEq5crdTHAbYWI1aLjqe', NULL, 'promotor', 20, '2024-04-01 08:55:08', '2024-04-01 08:55:08'),
(138, 'CRISTIAN GOMEZ TEMA', NULL, NULL, NULL, '$2y$12$K6uprz/0FfKh/eQ6xV4ke.AhcLQuxp.AaxosQdGR7mASVqyXjLXmm', NULL, 'promotor', 20, '2024-04-01 08:55:51', '2024-04-01 08:55:51'),
(139, 'HORACIO ALFARO DIAZ', NULL, NULL, NULL, '$2y$12$DccQRJdja/aEd1R8xAxty.q80/TLF4mQ.xwfs0TQiHzLykK5rRujG', NULL, 'promotor', 20, '2024-04-01 08:56:24', '2024-04-01 08:56:24'),
(140, 'OTOLIO VELAZQUEZ BAMACA', NULL, NULL, NULL, '$2y$12$e60DxZUyjjKbBl4uKHBQpuBRFPKRO65JVZ.xDbA5cSrUOWpui07iO', NULL, 'promotor', 20, '2024-04-01 08:56:52', '2024-04-01 08:56:52'),
(141, 'NIDIA NELLY GOMEZ', NULL, NULL, NULL, '$2y$12$HWtbMpJOykQD7xC8tkhu2OpLCg49qCbIGoQ8FwAKbGXKjnrscbW26', NULL, 'promotor', 20, '2024-04-01 08:57:17', '2024-04-01 08:57:17'),
(142, 'EMELITO RAMOS VAZQUEZ', NULL, NULL, NULL, '$2y$12$4nZkSBmQEKrCLXuAAMyuZe7FCAlK1P1JnEOX/WJqifwoW8QeRT2WW', NULL, 'promotor', 20, '2024-04-01 08:57:38', '2024-04-01 08:57:38'),
(143, 'YULMA LAPARRA GERONIMO', NULL, NULL, NULL, '$2y$12$WspltIHOaT0u.u.h75Zhc.sM3zhe50B9WB37cJh6OVhAu0tligzJi', NULL, 'promotor', 20, '2024-04-01 08:58:12', '2024-04-01 08:58:12'),
(144, 'GONZALO PEREZ MORALES', NULL, NULL, NULL, '$2y$12$jfO9v.4gwqrKA0wnb56yv.QD3UA6J6aNhwlxBZD.8.n5QZJaIkmvG', NULL, 'promotor', 20, '2024-04-01 08:58:33', '2024-04-01 08:58:33'),
(145, 'NAU LAPARRA SANCHEZ', NULL, NULL, NULL, '$2y$12$QkGrKVo6yaiflaJvHvlKP.UQa/VVyNMlceUIzcrbSCZJpHZoUlfcK', NULL, 'promotor', 20, '2024-04-01 08:59:00', '2024-04-01 08:59:00'),
(146, 'DANIEL BRAVO VELAZQUEZ', NULL, NULL, NULL, '$2y$12$2q4TlDe43ohKDSwCu10ko.CXJLkKh.3GE3EWZziGKMTVIMA8WXqxO', NULL, 'promotor', 20, '2024-04-01 08:59:20', '2024-04-01 08:59:20'),
(147, 'DEVORA PAZ LAPARRA', NULL, NULL, NULL, '$2y$12$5TwJsf0UK30W6lR3xNmeAer6KKsY6IRQxEYhxKAOmrC7u9dmXbEbm', NULL, 'promotor', 20, '2024-04-01 08:59:56', '2024-04-01 08:59:56'),
(148, 'LILIANA VAZQUEZ BARTOLON', NULL, NULL, NULL, '$2y$12$LXAzAcTmfKuMtyGAXVrX5e0lJVmm1zJNfGC7Df4bZxPGa7pls4npe', NULL, 'promotor', 20, '2024-04-01 09:00:25', '2024-04-01 09:00:25'),
(149, 'MARISOL SOLIS ORELLANA', NULL, NULL, NULL, '$2y$12$ZQ2.jVfybXhDijtJF.dxOeILDRsHvCHqy7NsSQnYL3AwWvwtTgICq', NULL, 'promotor', 20, '2024-04-01 09:01:05', '2024-04-01 09:01:05'),
(150, 'LILIANA RAMIREZ OVALLE', NULL, NULL, NULL, '$2y$12$TfgqcSZ5EJwVfqD79Uj7jOrWR3xdbtDzHxPTFPwCet97USnfWlxcq', NULL, 'promotor', 21, '2024-04-01 09:03:56', '2024-04-01 09:03:56'),
(151, 'ROSALINDA GORDILLO ALVARADO', NULL, NULL, NULL, '$2y$12$6k.uSvjIisGc/jA3K4aIv..E2OwEvaG0.i8RK47Ytopu05nNL..9O', NULL, 'promotor', 21, '2024-04-01 09:04:26', '2024-04-01 09:04:26'),
(152, 'VICTOR MANUEL PINEDA GALVEZ', NULL, NULL, NULL, '$2y$12$4c1K64Z6WM.kJFW129XAIOaNVfGw28R9XqJg.ccLACkSX8qQHnDx.', NULL, 'promotor', 21, '2024-04-01 09:05:09', '2024-04-01 09:05:09'),
(153, 'ESPERANZA RAMIREZ RODAS', NULL, NULL, NULL, '$2y$12$5pIJ.k7nrr/oDdUAWCqtmexUCuqePcDX6hTdc.j1YA28yBsgv4qjm', NULL, 'promotor', 21, '2024-04-01 09:05:56', '2024-04-01 09:05:56'),
(154, 'EVELYN MIRON ROBLERO', NULL, NULL, NULL, '$2y$12$xpHtHIR3G/LiLmJBYAu8NeZrKv5NqkNQoJ0B75tSyrjUvT0f5rRwS', NULL, 'promotor', 21, '2024-04-01 09:06:36', '2024-04-01 09:06:36'),
(155, 'DIDIER SALDAÑA PEREZ', NULL, NULL, NULL, '$2y$12$zE4/inQLBfaTIgkvbcfuu.cctKX3a6086k4WbEtnLLdn255mPcapi', NULL, 'promotor', 21, '2024-04-01 09:07:30', '2024-04-01 09:07:30'),
(156, 'ROSEMBERG GONZALEZ HERNANDEZ', NULL, NULL, NULL, '$2y$12$btKjb.G6oyFPb5wuDr.1Lexo8KBHw93y7O2X0zqSCz3l6Cp67ByYm', NULL, 'promotor', 21, '2024-04-01 09:08:16', '2024-04-01 09:08:16'),
(157, 'ELIZABETH ROBLEDO CASTAÑEDA', NULL, NULL, NULL, '$2y$12$n2/TsuLUbtcGflAbB5l7S.EvJgkr7./F5LGJRS0hhvlKalr1tWPaS', NULL, 'promotor', 21, '2024-04-01 09:09:04', '2024-04-01 09:09:04'),
(158, 'MIGUEL ROBLEDO R.', NULL, NULL, NULL, '$2y$12$cV.0dlJY0m9ECPsi7OzRluwKohVzdY2Gh8TJMrJg0O4TumMd9vkUy', NULL, 'promotor', 21, '2024-04-01 09:09:49', '2024-04-01 09:09:49'),
(159, 'LUCI VELAZQUEZ AGUSTIN', NULL, NULL, NULL, '$2y$12$HKlrbbrG8RjQiF8x8bnWcuCz6GDehjg4LIPehmAOe2YIw/N/FFOeK', NULL, 'promotor', 21, '2024-04-01 09:10:29', '2024-04-01 09:10:29'),
(160, 'LIZETH ROBLERO LOPEZ', NULL, NULL, NULL, '$2y$12$/r5Ni5Bz.NF0jZqAi18NP.Xdw7WrVTHLYRH0VCBF8AEcM4DpzTx5y', NULL, 'promotor', 21, '2024-04-01 09:10:56', '2024-04-01 09:10:56'),
(161, 'HORTENCIA PEREZ GARCIA', NULL, NULL, NULL, '$2y$12$ogGWMzpk5TIalU3l8JvTAum78hlesJakJJuwg/jCx2OUITF5Rxq8m', NULL, 'promotor', 21, '2024-04-01 09:11:36', '2024-04-01 09:11:36'),
(162, 'ISIDRO ROBLERO PEREZ', NULL, NULL, NULL, '$2y$12$Dkg9EzBDia.biOlCi26u.eQrAE6AnQt9pz3PqV.kAx3BGeT0/eXGW', NULL, 'promotor', 21, '2024-04-01 09:12:08', '2024-04-01 09:12:08'),
(163, 'ARNOLDO GONZALEZ ORTIZ', NULL, NULL, NULL, '$2y$12$dY2jXqq9d3ibnScNaFMpaOtJhnx9ebqXLycCH5qyyRCueyo2BsaOK', NULL, 'promotor', 21, '2024-04-01 09:12:42', '2024-04-01 09:12:42'),
(164, 'MERLIN CECILIA GALLARDO', NULL, NULL, NULL, '$2y$12$s13ZK98KabLOuN6Ckk7DJ.K8wbshkstgX8GwagAagx0u61VK0jxsO', NULL, 'promotor', 21, '2024-04-01 09:13:09', '2024-04-01 09:13:09'),
(165, 'OCTAVIANO VELAZQUEZ VELAZQUEZ', NULL, NULL, NULL, '$2y$12$34kL/WkATNjMpr8ZJEOfPOITCwAHu07DfK0AyjOrxQGsxE5QIZiLa', NULL, 'promotor', 21, '2024-04-01 09:13:58', '2024-04-01 09:13:58'),
(166, 'JUAN CARLOS CRUZ MONTEJO', NULL, NULL, NULL, '$2y$12$5HJczi5KZItG2frO4UvmN.sVK.4pxe/rXLE8GNIxBtBDl3V7Kg0Se', NULL, 'promotor', 21, '2024-04-01 09:14:20', '2024-04-01 09:14:20'),
(167, 'CANDELARIA MARROQUIN', NULL, NULL, NULL, '$2y$12$nhJwmISsApR38OIZXWwdPeuSVe2LHdE6OvWKFQjrE/ndGVbPrJSl6', NULL, 'promotor', 21, '2024-04-01 09:14:53', '2024-04-01 09:14:53'),
(168, 'SALOME MALDONADO HERNANDEZ', NULL, NULL, NULL, '$2y$12$BR/J9uEDnTdHGGuHtHu/lOfnWSZtqk3s42eC224i7aUKeSTwMgOem', NULL, 'promotor', 21, '2024-04-01 09:16:50', '2024-04-01 09:16:50'),
(169, 'ADELA PEREZ LOPEZ', NULL, NULL, NULL, '$2y$12$j9xwAKP2/nXaX3eg4MX21OKWw9X94obEBc1n6M/W4X3iYsTA18kMy', NULL, 'promotor', 21, '2024-04-01 09:17:38', '2024-04-01 09:17:38'),
(170, 'CARLOS E. MENDEZ C.', NULL, NULL, NULL, '$2y$12$vftTiFA86AG7nBHsxnvjJeIpMEg6e4c5D6lpnvZVvc.q1JmD5XPPq', NULL, 'promotor', 21, '2024-04-01 09:19:41', '2024-04-01 09:19:41'),
(171, 'DEBORA MEJIA CASTRO', NULL, NULL, NULL, '$2y$12$atPR1hzPPcy5bnVq27.W8ObbHYhQ1ahclSFUiyuzpEgEP3j7g9rIa', NULL, 'promotor', 21, '2024-04-01 09:20:05', '2024-04-01 09:20:05'),
(172, 'DARINEL ROBLERO', NULL, NULL, NULL, '$2y$12$/Rmgj.4JQQ24b9JKzS31W.j4kZZo3xHsNr09YXKyjSsbLtW8VZdpi', NULL, 'promotor', 24, '2024-04-01 17:57:06', '2024-04-01 17:57:06');

--
-- Índices para tablas volcadas
--

--
-- Indices de la tabla `failed_jobs`
--
ALTER TABLE `failed_jobs`
  ADD PRIMARY KEY (`id`),
  ADD UNIQUE KEY `failed_jobs_uuid_unique` (`uuid`);

--
-- Indices de la tabla `migrations`
--
ALTER TABLE `migrations`
  ADD PRIMARY KEY (`id`);

--
-- Indices de la tabla `model_has_permissions`
--
ALTER TABLE `model_has_permissions`
  ADD PRIMARY KEY (`permission_id`,`model_id`,`model_type`),
  ADD KEY `model_has_permissions_model_id_model_type_index` (`model_id`,`model_type`);

--
-- Indices de la tabla `model_has_roles`
--
ALTER TABLE `model_has_roles`
  ADD PRIMARY KEY (`role_id`,`model_id`,`model_type`),
  ADD KEY `model_has_roles_model_id_model_type_index` (`model_id`,`model_type`);

--
-- Indices de la tabla `observaciones`
--
ALTER TABLE `observaciones`
  ADD PRIMARY KEY (`id`);

--
-- Indices de la tabla `observacion_promovido`
--
ALTER TABLE `observacion_promovido`
  ADD PRIMARY KEY (`id`),
  ADD KEY `id_promovido` (`promovido_id`),
  ADD KEY `id_observacion` (`observacion_id`);

--
-- Indices de la tabla `ocupaciones`
--
ALTER TABLE `ocupaciones`
  ADD PRIMARY KEY (`id`);

--
-- Indices de la tabla `password_reset_tokens`
--
ALTER TABLE `password_reset_tokens`
  ADD PRIMARY KEY (`email`);

--
-- Indices de la tabla `permissions`
--
ALTER TABLE `permissions`
  ADD PRIMARY KEY (`id`),
  ADD UNIQUE KEY `permissions_name_guard_name_unique` (`name`,`guard_name`);

--
-- Indices de la tabla `personal_access_tokens`
--
ALTER TABLE `personal_access_tokens`
  ADD PRIMARY KEY (`id`),
  ADD UNIQUE KEY `personal_access_tokens_token_unique` (`token`),
  ADD KEY `personal_access_tokens_tokenable_type_tokenable_id_index` (`tokenable_type`,`tokenable_id`);

--
-- Indices de la tabla `promovidos`
--
ALTER TABLE `promovidos`
  ADD PRIMARY KEY (`id`),
  ADD UNIQUE KEY `clave_elec` (`clave_elec`),
  ADD KEY `id_usuario` (`id_usuario`),
  ADD KEY `id_ocupacion` (`id_ocupacion`),
  ADD KEY `seccion_elec` (`id_seccion`),
  ADD KEY `id_promotor` (`id_promotor`);

--
-- Indices de la tabla `roles`
--
ALTER TABLE `roles`
  ADD PRIMARY KEY (`id`),
  ADD UNIQUE KEY `roles_name_guard_name_unique` (`name`,`guard_name`);

--
-- Indices de la tabla `role_has_permissions`
--
ALTER TABLE `role_has_permissions`
  ADD PRIMARY KEY (`permission_id`,`role_id`),
  ADD KEY `role_has_permissions_role_id_foreign` (`role_id`);

--
-- Indices de la tabla `secciones`
--
ALTER TABLE `secciones`
  ADD PRIMARY KEY (`id`);

--
-- Indices de la tabla `users`
--
ALTER TABLE `users`
  ADD PRIMARY KEY (`id`),
  ADD UNIQUE KEY `users_email_unique` (`email`),
  ADD KEY `seccion` (`id_seccion`);

--
-- AUTO_INCREMENT de las tablas volcadas
--

--
-- AUTO_INCREMENT de la tabla `failed_jobs`
--
ALTER TABLE `failed_jobs`
  MODIFY `id` bigint(20) UNSIGNED NOT NULL AUTO_INCREMENT;

--
-- AUTO_INCREMENT de la tabla `migrations`
--
ALTER TABLE `migrations`
  MODIFY `id` int(10) UNSIGNED NOT NULL AUTO_INCREMENT, AUTO_INCREMENT=8;

--
-- AUTO_INCREMENT de la tabla `observaciones`
--
ALTER TABLE `observaciones`
  MODIFY `id` int(11) NOT NULL AUTO_INCREMENT, AUTO_INCREMENT=8;

--
-- AUTO_INCREMENT de la tabla `observacion_promovido`
--
ALTER TABLE `observacion_promovido`
  MODIFY `id` int(11) NOT NULL AUTO_INCREMENT, AUTO_INCREMENT=22;

--
-- AUTO_INCREMENT de la tabla `ocupaciones`
--
ALTER TABLE `ocupaciones`
  MODIFY `id` bigint(20) NOT NULL AUTO_INCREMENT, AUTO_INCREMENT=16;

--
-- AUTO_INCREMENT de la tabla `permissions`
--
ALTER TABLE `permissions`
  MODIFY `id` bigint(20) UNSIGNED NOT NULL AUTO_INCREMENT, AUTO_INCREMENT=9;

--
-- AUTO_INCREMENT de la tabla `personal_access_tokens`
--
ALTER TABLE `personal_access_tokens`
  MODIFY `id` bigint(20) UNSIGNED NOT NULL AUTO_INCREMENT;

--
-- AUTO_INCREMENT de la tabla `promovidos`
--
ALTER TABLE `promovidos`
  MODIFY `id` int(11) NOT NULL AUTO_INCREMENT, AUTO_INCREMENT=238;

--
-- AUTO_INCREMENT de la tabla `roles`
--
ALTER TABLE `roles`
  MODIFY `id` bigint(20) UNSIGNED NOT NULL AUTO_INCREMENT, AUTO_INCREMENT=6;

--
-- AUTO_INCREMENT de la tabla `secciones`
--
ALTER TABLE `secciones`
  MODIFY `id` int(11) NOT NULL AUTO_INCREMENT, AUTO_INCREMENT=25;

--
-- AUTO_INCREMENT de la tabla `users`
--
ALTER TABLE `users`
  MODIFY `id` bigint(20) NOT NULL AUTO_INCREMENT, AUTO_INCREMENT=174;

--
-- Restricciones para tablas volcadas
--

--
-- Filtros para la tabla `model_has_permissions`
--
ALTER TABLE `model_has_permissions`
  ADD CONSTRAINT `model_has_permissions_permission_id_foreign` FOREIGN KEY (`permission_id`) REFERENCES `permissions` (`id`) ON DELETE CASCADE;

--
-- Filtros para la tabla `model_has_roles`
--
ALTER TABLE `model_has_roles`
  ADD CONSTRAINT `model_has_roles_role_id_foreign` FOREIGN KEY (`role_id`) REFERENCES `roles` (`id`) ON DELETE CASCADE;

--
-- Filtros para la tabla `observacion_promovido`
--
ALTER TABLE `observacion_promovido`
  ADD CONSTRAINT `observacion_promovido_ibfk_1` FOREIGN KEY (`observacion_id`) REFERENCES `observaciones` (`id`) ON DELETE NO ACTION ON UPDATE NO ACTION,
  ADD CONSTRAINT `observacion_promovido_ibfk_2` FOREIGN KEY (`promovido_id`) REFERENCES `promovidos` (`id`);

--
-- Filtros para la tabla `promovidos`
--
ALTER TABLE `promovidos`
  ADD CONSTRAINT `promovidos_ibfk_2` FOREIGN KEY (`id_ocupacion`) REFERENCES `ocupaciones` (`id`) ON DELETE NO ACTION ON UPDATE NO ACTION,
  ADD CONSTRAINT `promovidos_ibfk_3` FOREIGN KEY (`id_usuario`) REFERENCES `users` (`id`) ON DELETE CASCADE ON UPDATE CASCADE,
  ADD CONSTRAINT `promovidos_ibfk_4` FOREIGN KEY (`id_seccion`) REFERENCES `secciones` (`id`) ON DELETE NO ACTION ON UPDATE NO ACTION,
  ADD CONSTRAINT `promovidos_ibfk_5` FOREIGN KEY (`id_promotor`) REFERENCES `users` (`id`) ON DELETE NO ACTION ON UPDATE NO ACTION;

--
-- Filtros para la tabla `role_has_permissions`
--
ALTER TABLE `role_has_permissions`
  ADD CONSTRAINT `role_has_permissions_permission_id_foreign` FOREIGN KEY (`permission_id`) REFERENCES `permissions` (`id`) ON DELETE CASCADE,
  ADD CONSTRAINT `role_has_permissions_role_id_foreign` FOREIGN KEY (`role_id`) REFERENCES `roles` (`id`) ON DELETE CASCADE;

--
-- Filtros para la tabla `users`
--
ALTER TABLE `users`
  ADD CONSTRAINT `users_ibfk_1` FOREIGN KEY (`id_seccion`) REFERENCES `secciones` (`id`) ON DELETE NO ACTION ON UPDATE NO ACTION;
COMMIT;

/*!40101 SET CHARACTER_SET_CLIENT=@OLD_CHARACTER_SET_CLIENT */;
/*!40101 SET CHARACTER_SET_RESULTS=@OLD_CHARACTER_SET_RESULTS */;
/*!40101 SET COLLATION_CONNECTION=@OLD_COLLATION_CONNECTION */;
