-- phpMyAdmin SQL Dump
-- version 5.2.0
-- https://www.phpmyadmin.net/
--
-- Servidor: 127.0.0.1
-- Tiempo de generación: 03-04-2024 a las 09:07:22
-- Versión del servidor: 10.4.27-MariaDB
-- Versión de PHP: 8.2.0

SET SQL_MODE = "NO_AUTO_VALUE_ON_ZERO";
START TRANSACTION;
SET time_zone = "+00:00";


/*!40101 SET @OLD_CHARACTER_SET_CLIENT=@@CHARACTER_SET_CLIENT */;
/*!40101 SET @OLD_CHARACTER_SET_RESULTS=@@CHARACTER_SET_RESULTS */;
/*!40101 SET @OLD_COLLATION_CONNECTION=@@COLLATION_CONNECTION */;
/*!40101 SET NAMES utf8mb4 */;

--
-- Base de datos: `prueba`
--

-- --------------------------------------------------------

--
-- Estructura de tabla para la tabla `failed_jobs`
--

CREATE TABLE `failed_jobs` (
  `id` bigint(20) UNSIGNED NOT NULL,
  `uuid` varchar(255) NOT NULL,
  `connection` text NOT NULL,
  `queue` text NOT NULL,
  `payload` longtext NOT NULL,
  `exception` longtext NOT NULL,
  `failed_at` timestamp NOT NULL DEFAULT current_timestamp()
) ENGINE=InnoDB DEFAULT CHARSET=utf8mb4 COLLATE=utf8mb4_unicode_ci;

-- --------------------------------------------------------

--
-- Estructura de tabla para la tabla `migrations`
--

CREATE TABLE `migrations` (
  `id` int(10) UNSIGNED NOT NULL,
  `migration` varchar(255) NOT NULL,
  `batch` int(11) NOT NULL
) ENGINE=InnoDB DEFAULT CHARSET=utf8mb4 COLLATE=utf8mb4_unicode_ci;

--
-- Volcado de datos para la tabla `migrations`
--

INSERT INTO `migrations` (`id`, `migration`, `batch`) VALUES
(1, '2014_10_12_000000_create_users_table', 1),
(2, '2014_10_12_100000_create_password_reset_tokens_table', 1),
(3, '2019_08_19_000000_create_failed_jobs_table', 1),
(4, '2019_12_14_000001_create_personal_access_tokens_table', 1),
(5, '2024_02_26_210414_create_votantes_table', 1),
(6, '2024_02_27_183750_create_liders_table', 1),
(7, '2024_02_28_014918_create_permission_tables', 1);

-- --------------------------------------------------------

--
-- Estructura de tabla para la tabla `model_has_permissions`
--

CREATE TABLE `model_has_permissions` (
  `permission_id` bigint(20) UNSIGNED NOT NULL,
  `model_type` varchar(255) NOT NULL,
  `model_id` bigint(20) UNSIGNED NOT NULL
) ENGINE=InnoDB DEFAULT CHARSET=utf8mb4 COLLATE=utf8mb4_unicode_ci;

-- --------------------------------------------------------

--
-- Estructura de tabla para la tabla `model_has_roles`
--

CREATE TABLE `model_has_roles` (
  `role_id` bigint(20) UNSIGNED NOT NULL,
  `model_type` varchar(255) NOT NULL,
  `model_id` bigint(20) UNSIGNED NOT NULL
) ENGINE=InnoDB DEFAULT CHARSET=utf8mb4 COLLATE=utf8mb4_unicode_ci;

--
-- Volcado de datos para la tabla `model_has_roles`
--

INSERT INTO `model_has_roles` (`role_id`, `model_type`, `model_id`) VALUES
(1, 'App\\Models\\User', 1),
(2, 'App\\Models\\User', 22),
(3, 'App\\Models\\User', 22);

-- --------------------------------------------------------

--
-- Estructura de tabla para la tabla `observaciones`
--

CREATE TABLE `observaciones` (
  `id` int(11) NOT NULL,
  `nombre` varchar(100) NOT NULL,
  `created_at` timestamp NULL DEFAULT NULL,
  `updated_at` timestamp NULL DEFAULT NULL
) ENGINE=InnoDB DEFAULT CHARSET=utf8mb4 COLLATE=utf8mb4_general_ci;

--
-- Volcado de datos para la tabla `observaciones`
--

INSERT INTO `observaciones` (`id`, `nombre`, `created_at`, `updated_at`) VALUES
(8, 'Adulto mayor', '2024-04-02 23:43:42', '2024-04-02 23:43:42'),
(9, 'Madre soltera', '2024-04-02 23:44:35', '2024-04-02 23:44:35'),
(10, 'Jefe de familia', '2024-04-02 23:46:00', '2024-04-02 23:46:00'),
(11, 'Discapacitado', '2024-04-02 23:48:35', '2024-04-02 23:48:35'),
(12, 'Estudiante', '2024-04-02 23:54:56', '2024-04-02 23:54:56'),
(13, 'No tiene vivienda', '2024-04-02 23:55:13', '2024-04-02 23:55:13'),
(14, 'extranjero', '2024-04-03 00:01:04', '2024-04-03 00:01:04');

-- --------------------------------------------------------

--
-- Estructura de tabla para la tabla `observacion_promovido`
--

CREATE TABLE `observacion_promovido` (
  `id` int(11) NOT NULL,
  `promovido_id` int(11) NOT NULL,
  `observacion_id` int(11) NOT NULL,
  `created_at` timestamp NULL DEFAULT NULL,
  `updated_at` timestamp NULL DEFAULT NULL
) ENGINE=InnoDB DEFAULT CHARSET=utf8mb4 COLLATE=utf8mb4_general_ci;

-- --------------------------------------------------------

--
-- Estructura de tabla para la tabla `ocupaciones`
--

CREATE TABLE `ocupaciones` (
  `id` bigint(20) NOT NULL,
  `nombre` varchar(100) NOT NULL,
  `created_at` timestamp NULL DEFAULT NULL,
  `updated_at` timestamp NULL DEFAULT NULL
) ENGINE=InnoDB DEFAULT CHARSET=utf8mb4 COLLATE=utf8mb4_general_ci;

--
-- Volcado de datos para la tabla `ocupaciones`
--

INSERT INTO `ocupaciones` (`id`, `nombre`, `created_at`, `updated_at`) VALUES
(1, 'Ninguna', NULL, NULL),
(16, 'Maestro', '2024-04-03 00:01:04', '2024-04-03 00:01:04');

-- --------------------------------------------------------

--
-- Estructura de tabla para la tabla `password_reset_tokens`
--

CREATE TABLE `password_reset_tokens` (
  `email` varchar(255) NOT NULL,
  `token` varchar(255) NOT NULL,
  `created_at` timestamp NULL DEFAULT NULL
) ENGINE=InnoDB DEFAULT CHARSET=utf8mb4 COLLATE=utf8mb4_unicode_ci;

-- --------------------------------------------------------

--
-- Estructura de tabla para la tabla `permissions`
--

CREATE TABLE `permissions` (
  `id` bigint(20) UNSIGNED NOT NULL,
  `name` varchar(255) NOT NULL,
  `guard_name` varchar(255) NOT NULL,
  `created_at` timestamp NULL DEFAULT NULL,
  `updated_at` timestamp NULL DEFAULT NULL
) ENGINE=InnoDB DEFAULT CHARSET=utf8mb4 COLLATE=utf8mb4_unicode_ci;

--
-- Volcado de datos para la tabla `permissions`
--

INSERT INTO `permissions` (`id`, `name`, `guard_name`, `created_at`, `updated_at`) VALUES
(1, 'ver-promovidos', 'web', '2024-02-28 07:56:19', '2024-02-28 07:56:19'),
(2, 'agregar-promovidos', 'web', '2024-02-28 07:56:19', '2024-02-28 07:56:19'),
(3, 'actualizar-promovidos', 'web', '2024-02-28 07:56:19', '2024-02-28 07:56:19'),
(4, 'eliminar-promovidos', 'web', '2024-02-28 07:56:19', '2024-02-28 07:56:19'),
(5, 'ver-usuarios', 'web', '2024-02-28 07:56:19', '2024-02-28 07:56:19'),
(6, 'agregar-usuarios', 'web', '2024-02-28 07:56:19', '2024-02-28 07:56:19'),
(7, 'actualizar-usuarios', 'web', '2024-02-28 07:56:19', '2024-02-28 07:56:19'),
(8, 'eliminar-usuarios', 'web', '2024-02-28 07:56:19', '2024-02-28 07:56:19');

-- --------------------------------------------------------

--
-- Estructura de tabla para la tabla `personal_access_tokens`
--

CREATE TABLE `personal_access_tokens` (
  `id` bigint(20) UNSIGNED NOT NULL,
  `tokenable_type` varchar(255) NOT NULL,
  `tokenable_id` bigint(20) UNSIGNED NOT NULL,
  `name` varchar(255) NOT NULL,
  `token` varchar(64) NOT NULL,
  `abilities` text DEFAULT NULL,
  `last_used_at` timestamp NULL DEFAULT NULL,
  `expires_at` timestamp NULL DEFAULT NULL,
  `created_at` timestamp NULL DEFAULT NULL,
  `updated_at` timestamp NULL DEFAULT NULL
) ENGINE=InnoDB DEFAULT CHARSET=utf8mb4 COLLATE=utf8mb4_unicode_ci;

-- --------------------------------------------------------

--
-- Estructura de tabla para la tabla `promovidos`
--

CREATE TABLE `promovidos` (
  `id` int(11) NOT NULL,
  `id_seccion` int(10) NOT NULL,
  `nombre` varchar(250) NOT NULL,
  `localidad_y_domicilio` varchar(250) DEFAULT NULL,
  `clave_elec` varchar(50) DEFAULT NULL,
  `telefono` varchar(20) DEFAULT NULL,
  `correo` varchar(250) DEFAULT NULL,
  `facebook` varchar(250) DEFAULT NULL,
  `id_ocupacion` bigint(20) DEFAULT NULL,
  `escolaridad` varchar(250) DEFAULT NULL,
  `fecha_captura` date DEFAULT NULL,
  `genero` varchar(20) DEFAULT NULL,
  `edad` varchar(10) DEFAULT NULL,
  `id_usuario` bigint(20) DEFAULT NULL,
  `id_promotor` bigint(20) DEFAULT NULL,
  `created_at` timestamp NULL DEFAULT NULL,
  `updated_at` timestamp NULL DEFAULT NULL
) ENGINE=InnoDB DEFAULT CHARSET=utf8mb4 COLLATE=utf8mb4_general_ci;

--
-- Volcado de datos para la tabla `promovidos`
--

INSERT INTO `promovidos` (`id`, `id_seccion`, `nombre`, `localidad_y_domicilio`, `clave_elec`, `telefono`, `correo`, `facebook`, `id_ocupacion`, `escolaridad`, `fecha_captura`, `genero`, `edad`, `id_usuario`, `id_promotor`, `created_at`, `updated_at`) VALUES
(1, 1, 'LUCIA RAMIREZ MARTIN', 'C. 35A PONIENTE S/N, BARR. LA UNIDAD', NULL, NULL, NULL, NULL, NULL, NULL, NULL, 'M', '69', NULL, NULL, '2024-04-03 00:56:19', '2024-04-03 00:56:19'),
(2, 1, 'NATIVIDAD GOMEZ AGUILAR', 'C. 33A PONIENTE S/N, BARR. LA UNIDAD', NULL, NULL, NULL, NULL, NULL, NULL, NULL, 'M', '37', NULL, NULL, '2024-04-03 00:56:19', '2024-04-03 00:56:19'),
(3, 1, 'DEYSI YURIMA MENDEZ REYNOSA', 'C. 31 A PONIENTE 10, BARR. LA UNIDAD', NULL, NULL, NULL, NULL, NULL, NULL, NULL, 'M', '27', NULL, NULL, '2024-04-03 00:56:19', '2024-04-03 00:56:19'),
(4, 1, 'MARTHA JULIA VELAZCO ESCOBAR', 'PRIV. S/N NOMBRE S/N, BARR. LA UNIDAD', NULL, NULL, NULL, NULL, NULL, NULL, NULL, 'M', '26', NULL, NULL, '2024-04-03 00:56:19', '2024-04-03 00:56:19'),
(5, 1, 'KENIA ARACELI PEREZ BARTOLON', 'C. 35 PONIENTE S/N, BARR. LA UNIDAD', NULL, NULL, NULL, NULL, NULL, NULL, NULL, 'M', '20', NULL, NULL, '2024-04-03 00:56:19', '2024-04-03 00:56:19'),
(6, 1, 'CENOVIA BARTOLON PEREZ', 'C. 35A PONIENTE S/N, BARR. LA UNIDAD', NULL, NULL, NULL, NULL, NULL, NULL, NULL, 'M', '61', NULL, NULL, '2024-04-03 00:56:19', '2024-04-03 00:56:19'),
(7, 1, 'MARINA SANCHEZ ROBLEDO', 'C. 17A PONIENTE 29, BARR. LA UNIDAD', NULL, '9622228731', NULL, NULL, NULL, NULL, NULL, 'M', '60', NULL, NULL, '2024-04-03 00:56:19', '2024-04-03 00:56:19'),
(8, 1, 'UBALDINO VENTURA DIAZ', 'C. 17A PONIENTE S/N, BARR. LA UNIDAD', NULL, '9621021721', NULL, NULL, NULL, NULL, NULL, 'M', '59', NULL, NULL, '2024-04-03 00:56:20', '2024-04-03 00:56:20'),
(9, 1, 'ALONSO  BARTOLON REBECA', 'AV. 16 NTE 19, BARR. LA UNIDAD', NULL, NULL, NULL, NULL, NULL, NULL, NULL, 'H', '54', NULL, NULL, '2024-04-03 00:56:20', '2024-04-03 00:56:20'),
(10, 1, 'PEDRO BARRIONUEVO RAMIREZ', 'CANTON SAN JOAQUIN S/N', NULL, '9621384413', NULL, NULL, NULL, NULL, NULL, 'H', '51', NULL, NULL, '2024-04-03 00:56:20', '2024-04-03 00:56:20'),
(11, 1, 'ALFREDO MENDEZ PEREZ', 'AV. 16 NTE 21, BARR. LA UNIDAD', NULL, '9621497607', NULL, NULL, NULL, NULL, NULL, 'H', '46', NULL, NULL, '2024-04-03 00:56:20', '2024-04-03 00:56:20'),
(12, 1, 'MARIA ELENA CASTRO CASH', 'BARRIO LA UNIDAD', NULL, NULL, NULL, NULL, NULL, NULL, NULL, 'M', '44', NULL, NULL, '2024-04-03 00:56:20', '2024-04-03 00:56:20'),
(13, 1, 'YERENI SOLEDAD VENTURA SANCHEZ', 'C. 17 A PTE 29, BARR. LA UNIDAD', NULL, '9622560130', NULL, NULL, NULL, NULL, NULL, 'M', '27', NULL, NULL, '2024-04-03 00:56:20', '2024-04-03 00:56:20'),
(14, 1, 'MIGUEL ALEXANDER JIMENEZ PEREZ', '22 AV. ENTRE 22AV NTE Y 9NA PTE SECTOR ETA', NULL, '9622578775', NULL, NULL, NULL, NULL, NULL, 'H', '34', NULL, NULL, '2024-04-03 00:56:20', '2024-04-03 00:56:20'),
(15, 1, 'IRANY CASTRO CASH', ' 17 A PONIENTE 23 BARR. LA UNIDAD', NULL, '9622851954', NULL, NULL, NULL, NULL, NULL, 'M', '31', NULL, NULL, '2024-04-03 00:56:20', '2024-04-03 00:56:20'),
(16, 1, 'ADRIANA GUADALUPE REYNOSA  AGUILAR', '15 A PTE. ENTRE 14 Y 16 NTE B. LA UNIDAD', NULL, '9622909705', NULL, NULL, NULL, NULL, NULL, 'M', NULL, NULL, NULL, '2024-04-03 00:56:20', '2024-04-03 00:56:20'),
(17, 1, 'DIEGO GUADALUPE MARTINEZ RAMOS', 'AV. 16A NTE 10, BARR. LA UNIDAD', NULL, '9616477761', NULL, NULL, NULL, NULL, NULL, 'H', '22', NULL, NULL, '2024-04-03 00:56:20', '2024-04-03 00:56:20'),
(18, 1, 'ALMA ROSA MARTINEZ RAMOS', 'AV. 16 NTE, BARR. LA UNIDA', NULL, NULL, NULL, NULL, NULL, NULL, NULL, 'M', '57', NULL, NULL, '2024-04-03 00:56:20', '2024-04-03 00:56:20'),
(19, 1, 'IRMA LOPEZ RAMOS', 'C. 11A PTE 20, BARR. LA UNIDAD', NULL, NULL, NULL, NULL, NULL, NULL, NULL, 'M', '39', NULL, NULL, '2024-04-03 00:56:20', '2024-04-03 00:56:20'),
(20, 1, 'DORA LUZ VENTURA SANCHEZ', 'C. 17A PTE 14 BARR. LA UNIDAD', NULL, '9621033025', NULL, NULL, NULL, NULL, NULL, 'M', '29', NULL, NULL, '2024-04-03 00:56:20', '2024-04-03 00:56:20'),
(21, 1, 'ERNESTO ANANIAS LOPEZ BARTOLON', '16 AV NTE 16 BARR. LA UNIDAD', NULL, '9621010395', NULL, NULL, NULL, NULL, NULL, 'H', '59', NULL, NULL, '2024-04-03 00:56:20', '2024-04-03 00:56:20'),
(22, 1, 'ARTURO ROBLERO PAZ', 'CALLE SIN NUMERO B. LA UNIDAD', NULL, '9621222471', NULL, NULL, NULL, NULL, NULL, 'H', '48', NULL, NULL, '2024-04-03 00:56:20', '2024-04-03 00:56:20'),
(23, 1, 'LETICIA  HONORATO ZEPEDA', '2DA AV NTE S/N . BARR. LA UNIDAD', NULL, '9621119938', NULL, NULL, NULL, NULL, NULL, 'M', '41', NULL, NULL, '2024-04-03 00:56:20', '2024-04-03 00:56:20'),
(24, 1, 'REBECA SOLIS BARRIOS', 'AV CENTRAL NTE. BARR. LA UNIDAD', NULL, '9622828771', NULL, NULL, NULL, NULL, NULL, 'M', NULL, NULL, NULL, '2024-04-03 00:56:20', '2024-04-03 00:56:20'),
(25, 1, 'ANA ROSA ROBLEDO	SOLIS', 'CARRETERA UNION JUAREZ S/N B. LA UNIDAD', NULL, '9625104358', NULL, NULL, NULL, NULL, NULL, 'M', NULL, NULL, NULL, '2024-04-03 00:56:20', '2024-04-03 00:56:20'),
(26, 1, 'JOSE MANUEL ROBLEDO 	DE LEON', 'AV CENTRAL NTE. BARR. LA UNIDAD', NULL, '9622137274', NULL, NULL, NULL, NULL, NULL, 'H', NULL, NULL, NULL, '2024-04-03 00:56:20', '2024-04-03 00:56:20'),
(27, 1, 'REYNA  ROBLERO GOMEZ', 'AV 10A NTE 35. BARR. LA UNIDAD', NULL, '9621346112', NULL, NULL, NULL, NULL, NULL, 'M', NULL, NULL, NULL, '2024-04-03 00:56:20', '2024-04-03 00:56:20'),
(28, 1, 'NELY YANETH MONZON ROBLERO', 'AV 10A NTE 35. BARR. LA UNIDAD', NULL, '9621491409', NULL, NULL, NULL, NULL, NULL, 'M', NULL, NULL, NULL, '2024-04-03 00:56:20', '2024-04-03 00:56:20'),
(29, 1, 'HERMOGENES DIAZ DE LEON', 'C.29 PTE S/N B. LA UNIDAD', NULL, NULL, NULL, NULL, NULL, NULL, NULL, 'H', NULL, NULL, NULL, '2024-04-03 00:56:20', '2024-04-03 00:56:20'),
(30, 1, 'ANA LIDIA ZACARIAS VAZQUEZ', 'C.31A PTE S/N B. LA UNIDAD', NULL, '9625193010', NULL, NULL, NULL, NULL, NULL, 'M', NULL, NULL, NULL, '2024-04-03 00:56:20', '2024-04-03 00:56:20'),
(31, 1, 'RAYMUNDO VERDUGO	ESCALANTE', 'AV 6A NTE 6 B. LA UNIDAD', NULL, '9524920848', NULL, NULL, NULL, NULL, NULL, 'H', NULL, NULL, NULL, '2024-04-03 00:56:20', '2024-04-03 00:56:20'),
(32, 1, 'ELVIA LUZ DIAZ RAMIREZ', 'AV. 6ANTE 31 PTE. BARR. LA UNIDAD', NULL, '9626959955', NULL, NULL, NULL, NULL, NULL, 'M', NULL, NULL, NULL, '2024-04-03 00:56:20', '2024-04-03 00:56:20'),
(33, 1, 'MAGDALENA GUZMAN GARCIA', 'AV 6A NTE 6 B. LA UNIDAD', NULL, '9622425865', NULL, NULL, NULL, NULL, NULL, 'M', NULL, NULL, NULL, '2024-04-03 00:56:20', '2024-04-03 00:56:20'),
(34, 1, 'ALONDRA GABRIELA ORTIZ VERDUGO', 'AV 2DA NTE PROL., BARR. LA UNIDAD', NULL, '9621521441', NULL, NULL, NULL, NULL, NULL, 'M', NULL, NULL, NULL, '2024-04-03 00:56:20', '2024-04-03 00:56:20'),
(35, 1, 'CATALINA VERDUGO ROBLERO', '2 NTE PROL., BARR. LA UNIDAD', NULL, '9621521441', NULL, NULL, NULL, NULL, NULL, 'M', NULL, NULL, NULL, '2024-04-03 00:56:20', '2024-04-03 00:56:20'),
(36, 1, 'ELMA ONELIA BRAVO 	PEREZ', 'C.33 A PTE S/N B. LA UNIDAD', NULL, '9621623563', NULL, NULL, NULL, NULL, NULL, 'M', NULL, NULL, NULL, '2024-04-03 00:56:20', '2024-04-03 00:56:20'),
(37, 1, 'ANA MARINA ESPINOSA RODRIGUEZ', 'C 31 A PTE BARRIO LA UNIDAD', NULL, '9621265235', NULL, NULL, NULL, NULL, NULL, 'M', NULL, NULL, NULL, '2024-04-03 00:56:20', '2024-04-03 00:56:20'),
(38, 1, 'DOMINGA DE RAMOS DIAZ 	ORTIZ', 'AV 6A NTE S/N B. LA UNIDAD', NULL, '962 1872704', NULL, NULL, NULL, NULL, NULL, 'M', NULL, NULL, NULL, '2024-04-03 00:56:20', '2024-04-03 00:56:20'),
(39, 1, 'CRISTINA HERNANDEZ PEREZ', 'AV 8A NTE S/N B. LA UNIDAD', NULL, '9622584723', NULL, NULL, NULL, NULL, NULL, 'M', NULL, NULL, NULL, '2024-04-03 00:56:20', '2024-04-03 00:56:20'),
(40, 1, 'CONSUELO GOMEZ MORALES', 'C17A PTE S/N B. LA UNIDAD', NULL, '9622520656', NULL, NULL, NULL, NULL, NULL, 'M', NULL, NULL, NULL, '2024-04-03 00:56:20', '2024-04-03 00:56:20'),
(41, 1, 'FRANCISCO HEDU REYES PEREZ', '27PTE S/N B. LA UNIDAD', NULL, '9621247972', NULL, NULL, NULL, NULL, NULL, 'H', NULL, NULL, NULL, '2024-04-03 00:56:20', '2024-04-03 00:56:20'),
(42, 1, 'SANDRA JUAREZ	ROBLERO', '27PTE S/N B. LA UNIDAD', NULL, '9621779269', NULL, NULL, NULL, NULL, NULL, 'M', NULL, NULL, NULL, '2024-04-03 00:56:20', '2024-04-03 00:56:20'),
(43, 1, 'LILIA VIRGINIA DIAZ 	HERNANDEZ', 'AV 2DA NTE 128. B LA UNIDAD', NULL, '9622965646', NULL, NULL, NULL, NULL, NULL, 'M', NULL, NULL, NULL, '2024-04-03 00:56:20', '2024-04-03 00:56:20'),
(44, 1, 'ROGELIO ISRAEL PAZ DIAZ', 'AV 2DA NTE 128. B LA UNIDAD', NULL, NULL, NULL, NULL, NULL, NULL, NULL, 'H', NULL, NULL, NULL, '2024-04-03 00:56:20', '2024-04-03 00:56:20'),
(45, 1, 'ENRIQUE JUAN PEREZ PEREZ', 'CALLE S/N B. LA UNIDAD', NULL, '9622908291', NULL, NULL, NULL, NULL, NULL, 'H', NULL, NULL, NULL, '2024-04-03 00:56:20', '2024-04-03 00:56:20'),
(46, 1, 'CATALINA PEREZ PEREZ', 'AV 2DA NTE S/N B.LA UNIDAD', NULL, '9624306142', NULL, NULL, NULL, NULL, NULL, 'M', NULL, NULL, NULL, '2024-04-03 00:56:20', '2024-04-03 00:56:20'),
(47, 1, 'ROSARIO PEREZ MARTINEZ', 'AV 2DA NTE Y 39 PTE B. LA UNIDAD', NULL, '9621066095', NULL, NULL, NULL, NULL, NULL, 'M', NULL, NULL, NULL, '2024-04-03 00:56:20', '2024-04-03 00:56:20'),
(48, 1, 'EMILIANO GARCIA MORALES', 'AV 2DA NTE Y 39 PTE B. LA UNIDAD', NULL, '9621066095', NULL, NULL, NULL, NULL, NULL, 'H', NULL, NULL, NULL, '2024-04-03 00:56:20', '2024-04-03 00:56:20'),
(49, 1, 'RICARDO GARCIA	MORALES', 'AV 2DA NTE Y 39 PTE B. LA UNIDAD', NULL, '9621646184', NULL, NULL, NULL, NULL, NULL, 'H', NULL, NULL, NULL, '2024-04-03 00:56:20', '2024-04-03 00:56:20'),
(50, 1, 'JORGE MATIAS PEREZ', '29 PTE S/N B. LA UNIDAD', NULL, '5537254266', NULL, NULL, NULL, NULL, NULL, 'H', NULL, NULL, NULL, '2024-04-03 00:56:20', '2024-04-03 00:56:20'),
(51, 1, 'SITA LUZ DIAZ DE LEON', 'S/N BARRIO LA UNIDAD', NULL, '9621853147', NULL, NULL, NULL, NULL, NULL, 'M', NULL, NULL, NULL, '2024-04-03 00:56:20', '2024-04-03 00:56:20'),
(52, 1, 'REYNA PEREZ MENDEZ', 'C 29PTE S/N B. LA UNIDAD', NULL, '9621636616', NULL, NULL, NULL, NULL, NULL, 'M', NULL, NULL, NULL, '2024-04-03 00:56:20', '2024-04-03 00:56:20'),
(53, 1, 'VICTOR MANUEL REYNA CHILEL', '15 OTE N 9 B. GUADALUPE', NULL, '9621842237', NULL, NULL, NULL, NULL, NULL, 'H', NULL, NULL, NULL, '2024-04-03 00:56:20', '2024-04-03 00:56:20'),
(54, 1, 'YESENIA NAHARAI REYNA 	AGUIRRE', '15 OTE N 10 B. GUADALUPE', NULL, '9621301762', NULL, NULL, NULL, NULL, NULL, 'M', NULL, NULL, NULL, '2024-04-03 00:56:20', '2024-04-03 00:56:20'),
(55, 1, 'JULIA YAZMIN REYNA 	AGUIRRE', '15 OTE N 10 B. GUADALUPE', NULL, '9621006980', NULL, NULL, NULL, NULL, NULL, 'M', NULL, NULL, NULL, '2024-04-03 00:56:20', '2024-04-03 00:56:20'),
(56, 1, 'ELIA REYNA 	CHILEL', '15 OTE N 9 B. GUADALUPE', NULL, '9622429958', NULL, NULL, NULL, NULL, NULL, 'M', NULL, NULL, NULL, '2024-04-03 00:56:20', '2024-04-03 00:56:20'),
(57, 1, 'MADI YANETH DE LEON DIAZ', 'AV 6A NORTE 167, BARR. LA UNIDAD', NULL, '9622599737', NULL, NULL, NULL, NULL, NULL, 'M', NULL, 51, NULL, '2024-04-03 00:56:20', '2024-04-03 00:56:20'),
(58, 1, 'LETICIA DIAZ	ROBLERO', 'AV 6A NORTE 167, BARR. LA UNIDAD', NULL, '9624045440', NULL, NULL, NULL, NULL, NULL, 'M', '62', 51, NULL, '2024-04-03 00:56:20', '2024-04-03 00:56:20'),
(59, 1, 'JOSÉ GERARDO GÓMEZ 	GÓMEZ', 'AV 6A NORTE 167, BARR. LA UNIDAD', NULL, '9615702816', NULL, NULL, NULL, NULL, NULL, 'H', '35', 51, NULL, '2024-04-03 00:56:20', '2024-04-03 00:56:20'),
(60, 1, 'DONAMIN ABRAHAM DE LEON 	DIAZ', 'AV 6A NORTE 167, BARR. LA UNIDAD', NULL, '9621135152', NULL, NULL, NULL, NULL, NULL, 'H', '29', 51, NULL, '2024-04-03 00:56:20', '2024-04-03 00:56:20'),
(61, 1, 'KENY ELIZABETH DE LEON 	DIAZ', 'AV 6A NORTE S/N, BARR. LA UNIDAD', NULL, '9624668223', NULL, NULL, NULL, NULL, NULL, 'M', '25', 51, NULL, '2024-04-03 00:56:20', '2024-04-03 00:56:20'),
(62, 1, 'ANA LETICIA   DE LEON DIAZ', 'AV 6A NORTE 167, BARR. LA UNIDAD', NULL, '9621485847', NULL, NULL, NULL, NULL, NULL, 'M', '22', 51, NULL, '2024-04-03 00:56:20', '2024-04-03 00:56:20'),
(63, 1, 'SIOMARA NATALI PAZ	BAMACA', 'AV 6A NORTE 167, BARR. LA UNIDAD', NULL, '9621135152', NULL, NULL, NULL, NULL, NULL, 'M', '28', 51, NULL, '2024-04-03 00:56:20', '2024-04-03 00:56:20'),
(64, 1, 'BERENICE SANTIZO	VAZQUEZ', 'C. 15A PONIENTE S/N, BARR. LA UNIDAD', NULL, '9622571326', NULL, NULL, NULL, NULL, NULL, 'M', '39', 51, NULL, '2024-04-03 00:56:20', '2024-04-03 00:56:20'),
(65, 1, 'TERESITA DEL CAMEN  GORDILLO	ZACARIAS', 'C. 19A PONIENTE S/N, BARR. LA UNIDAD', NULL, '9621058992', NULL, NULL, NULL, NULL, NULL, 'M', '32', 51, NULL, '2024-04-03 00:56:20', '2024-04-03 00:56:20'),
(66, 1, 'AVIGAIL GARCIA	SANCHEZ', 'C. 19A PONIENTE S/N, BARR. LA UNIDAD', NULL, NULL, NULL, NULL, NULL, NULL, NULL, 'M', '37', 51, NULL, '2024-04-03 00:56:20', '2024-04-03 00:56:20'),
(67, 1, 'ANGEL YOC	LOPEZ', 'C. 13A PONIENTE S/N, BARR. LA UNIDAD', NULL, NULL, NULL, NULL, NULL, NULL, NULL, 'H', '76', NULL, 62, '2024-04-03 00:56:20', '2024-04-03 00:56:20'),
(68, 1, 'YESENIA FLORENTINA PEREZ VELAZQUEZ', 'C. 17A PTE S/N, BARR. LA UNIDAD', NULL, NULL, NULL, NULL, NULL, NULL, NULL, 'M', '29', NULL, 115, '2024-04-03 00:56:20', '2024-04-03 00:56:20'),
(69, 1, 'ENRIQUE MENDEZ PAZ', 'C. 27A PTE. S/N, BARR. LA UNIDAD', NULL, '9626249310', NULL, NULL, NULL, NULL, NULL, 'H', '58', NULL, 115, '2024-04-03 00:56:20', '2024-04-03 00:56:20'),
(70, 1, 'ISAEL GIOVANI MORALES', 'AV 8A NTE S/N BARR. LA UNIDAD', NULL, '9624596551', NULL, NULL, NULL, NULL, NULL, 'H', NULL, 23, NULL, '2024-04-03 00:56:20', '2024-04-03 00:56:20'),
(71, 1, 'VICENTE ROSARIO ROBLERO DIAZ', 'C. 31A PTE. 256, BARR. LA UNIDAD', NULL, '9985246348', NULL, NULL, NULL, NULL, NULL, 'H', NULL, 23, NULL, '2024-04-03 00:56:20', '2024-04-03 00:56:20'),
(72, 1, 'ESPERANZA VALDEZ MONTES', 'C. 33A PTE. S/N, BARR. LA UNIDAD', NULL, '9621212602', NULL, NULL, NULL, NULL, NULL, 'M', NULL, 23, NULL, '2024-04-03 00:56:20', '2024-04-03 00:56:20'),
(73, 1, 'MARIA BARTOLON MORALES', 'C. S/N NOMBRE S/N, BARR. LA UNIDAD', NULL, '9621907708', NULL, NULL, NULL, NULL, NULL, 'M', NULL, 23, NULL, '2024-04-03 00:56:20', '2024-04-03 00:56:20'),
(74, 1, 'REYNA PATRICIA ARRIAGA BARTOLON', 'C. 29A PTE. MZA. 4 15, BARR. LA UNIDAD', NULL, '9623252359', NULL, NULL, NULL, NULL, NULL, 'M', NULL, 23, NULL, '2024-04-03 00:56:20', '2024-04-03 00:56:20'),
(75, 1, 'PAOLA JANETH AGUILAR PAZ', 'C. S/N NOMBRE S/N, BARR. LA UNIDAD', NULL, '9622854342', NULL, NULL, NULL, NULL, NULL, 'M', NULL, 23, NULL, '2024-04-03 00:56:20', '2024-04-03 00:56:20'),
(76, 1, 'DAMARIS ELIZABETH PAZ DIAZ', 'C. S/N NOMBRE S/N, BARR. LA UNIDAD', NULL, '9622854342', NULL, NULL, NULL, NULL, NULL, 'M', NULL, 23, NULL, '2024-04-03 00:56:20', '2024-04-03 00:56:20'),
(77, 1, 'JUAN CARLOS ROBLERO PEREZ', 'AV 8A NTE. ESQ. 33A PTE. S/N, B. LA UNIDAD', NULL, '9622515587', NULL, NULL, NULL, NULL, NULL, 'H', NULL, 23, NULL, '2024-04-03 00:56:20', '2024-04-03 00:56:20'),
(78, 1, 'MARGARITA ARACELI PEREZ', 'AV. 8A NTE. Y 33A PTE. S/N, B. LA UNIDAD', NULL, '9624239838', NULL, NULL, NULL, NULL, NULL, 'M', NULL, 23, NULL, '2024-04-03 00:56:20', '2024-04-03 00:56:20'),
(79, 1, 'JUAN CARLOS ROBLERO SANCHEZ', '13A C. PTE. 39, BARR. MIGUEL HIDALGO', NULL, '9624002156', NULL, NULL, NULL, NULL, NULL, 'H', NULL, 23, NULL, '2024-04-03 00:56:20', '2024-04-03 00:56:20'),
(80, 1, 'MARGARITA CONCEPCION PAZ DIAZ', 'AV 2A NORTE S/N, BARR. LA UNIDAD', NULL, NULL, NULL, NULL, NULL, NULL, NULL, 'M', NULL, 23, NULL, '2024-04-03 00:56:20', '2024-04-03 00:56:20'),
(81, 1, 'CARMEN MARITZA HERNANDEZ RAMIREZ', 'AV 2A NORTE S/N, BARR. LA UNIDAD', NULL, '9621383154', NULL, NULL, NULL, NULL, NULL, 'M', NULL, 23, NULL, '2024-04-03 00:56:20', '2024-04-03 00:56:20'),
(82, 1, 'NERY ALONSO DE LEON SOTO', 'C. 19A PONIENTE S/N, BARR. LA UNIDAD', NULL, '9621383154', NULL, NULL, NULL, NULL, NULL, 'H', NULL, 23, NULL, '2024-04-03 00:56:20', '2024-04-03 00:56:20'),
(83, 1, 'CARMELINA RAMIREZ AGUILAR', 'AV 6A NORTE S/N, BARR. LA UNIDAD', NULL, NULL, NULL, NULL, NULL, NULL, NULL, 'M', NULL, 23, NULL, '2024-04-03 00:56:20', '2024-04-03 00:56:20'),
(84, 1, 'MARIA DOLORES MEZA LOPEZ', 'C. 33A PONIENTE S/N, BARR. LA UNIDAD', NULL, '9621693969', NULL, NULL, NULL, NULL, NULL, 'M', NULL, NULL, 116, '2024-04-03 00:56:20', '2024-04-03 00:56:20'),
(85, 1, 'ELOIZA PAZ PEREZ', 'C. 25 PTE. MZA. 18 LT 3, BARR. LA UNIDAD', NULL, NULL, NULL, NULL, NULL, NULL, NULL, 'M', NULL, NULL, 116, '2024-04-03 00:56:20', '2024-04-03 00:56:20'),
(86, 1, 'ELEAZAR PINEDA PAZ', 'CARR. UNION JUAREZ S/N B. LA UNIDAD', NULL, '9625205558', NULL, NULL, NULL, NULL, NULL, 'H', NULL, NULL, 116, '2024-04-03 00:56:20', '2024-04-03 00:56:20'),
(87, 1, 'ZOCORRO ENRIQUETA PAZ PEREZ', 'CARR. UNION JUAREZ S/N B. LA UNIDAD', NULL, '9625205558', NULL, NULL, NULL, NULL, NULL, 'M', NULL, NULL, 116, '2024-04-03 00:56:20', '2024-04-03 00:56:20'),
(88, 1, 'NANCY YADIRA BRISEÑO AGUILAR', 'C. 33A PONIENTE S/N, BARR. LA UNIDAD', NULL, '9621461066', NULL, NULL, NULL, NULL, NULL, 'H', NULL, NULL, 116, '2024-04-03 00:56:20', '2024-04-03 00:56:20'),
(89, 1, 'CRISTINA HERNANDEZ LOPEZ', 'C. 29A PTE. MZA. 4 LT15, BARR. LA UNIDAD', NULL, '9626994250', NULL, NULL, NULL, NULL, NULL, 'M', '69', NULL, 62, '2024-04-03 00:56:20', '2024-04-03 00:56:20'),
(90, 1, 'FREDY RENE LOPEZ LOPEZ', 'C. 21A PTE. S/N, BARR. LA UNIDAD', NULL, '9625147869', NULL, NULL, NULL, NULL, NULL, 'H', '20', NULL, 62, '2024-04-03 00:56:20', '2024-04-03 00:56:20'),
(91, 1, 'DILMA PEREZ ROBLERO', 'C. 13A PONIENTE 15, BARR. LA UNIDAD', NULL, NULL, NULL, NULL, NULL, NULL, NULL, 'M', '35', NULL, 62, '2024-04-03 00:56:20', '2024-04-03 00:56:20'),
(92, 1, 'ERASMO VELASQUEZ MIGUEL', 'AV 10A NTE S/N, BARR. LA UNIDAD', NULL, '6634291487', NULL, NULL, NULL, NULL, NULL, 'H', NULL, NULL, 62, '2024-04-03 00:56:20', '2024-04-03 00:56:20'),
(93, 1, 'TANIA GODINEZ PEREZ', 'BARRIO LA UNIDAD', NULL, '9621265235', NULL, NULL, NULL, NULL, NULL, 'M', NULL, 23, NULL, '2024-04-03 00:56:20', '2024-04-03 00:56:20'),
(94, 1, 'IMELDA GODINEZ PEREZ', 'BARRIO LA UNIDAD', NULL, NULL, NULL, NULL, NULL, NULL, NULL, 'M', NULL, 23, NULL, '2024-04-03 00:56:20', '2024-04-03 00:56:20'),
(95, 1, 'ELFIDA DIAZ GAMBOA', 'BARRIO LA UNIDAD', NULL, '9622719298', NULL, NULL, NULL, NULL, NULL, 'M', NULL, 23, NULL, '2024-04-03 00:56:20', '2024-04-03 00:56:20'),
(96, 1, 'SALANA SARMIENTO JIMENEZ', 'BARRIO LA UNIDAD', NULL, '9622571268', NULL, NULL, NULL, NULL, NULL, 'M', '45', 23, NULL, '2024-04-03 00:56:20', '2024-04-03 00:56:20'),
(97, 1, 'CARLOS ENRIQUE PEREZ RAMOS', 'BARRIO LA UNIDAD', NULL, '9622861221', NULL, NULL, NULL, NULL, NULL, 'H', '49', 23, NULL, '2024-04-03 00:56:20', '2024-04-03 00:56:20'),
(98, 1, 'CARLOS A. PEREZ SARMIENTO', 'BARRIO LA UNIDAD', NULL, '9621222838', NULL, NULL, NULL, NULL, NULL, 'H', '26', 23, NULL, '2024-04-03 00:56:20', '2024-04-03 00:56:20'),
(99, 1, 'ALEXIS C. PEREZ RAMIREZ', 'BARRIO LA UNIDAD', NULL, '9622158427', NULL, NULL, NULL, NULL, NULL, 'H', '23', 23, NULL, '2024-04-03 00:56:20', '2024-04-03 00:56:20'),
(100, 1, 'CARLOS MANUEL PEREZ LOPEZ', 'BARRIO LA UNIDAD', NULL, '6647537100', NULL, NULL, NULL, NULL, NULL, 'H', NULL, 23, NULL, '2024-04-03 00:56:20', '2024-04-03 00:56:20'),
(101, 1, 'FATIMA BELEN ROBLERO GONZALEZ', 'BARRIO LA UNIDAD', NULL, '9624646457', NULL, NULL, NULL, NULL, NULL, 'M', NULL, NULL, 117, '2024-04-03 00:56:20', '2024-04-03 00:56:20'),
(102, 1, 'LIDIA ASUCENA RAMOS PEREZ', 'BARRIO LA UNIDAD', NULL, '9624236494', NULL, NULL, NULL, NULL, NULL, 'M', NULL, NULL, 117, '2024-04-03 00:56:20', '2024-04-03 00:56:20'),
(103, 1, 'GEREARDO DE JESUS ESPINOZA VENEGAS', 'BARRIO LA UNIDAD', NULL, '9622416626', NULL, NULL, NULL, NULL, NULL, 'H', NULL, NULL, 117, '2024-04-03 00:56:20', '2024-04-03 00:56:20'),
(104, 1, 'ARISTEO VILLAGRAN CHAVEZ', 'BARRIO LA UNIDAD', NULL, '9622481750', NULL, NULL, NULL, NULL, NULL, 'H', '63', 23, NULL, '2024-04-03 00:56:20', '2024-04-03 00:56:20'),
(105, 1, 'EUSEBIA MARGOTH VILLAGRAN PEREZ', 'BARRIO LA UNIDAD', NULL, '9621105989', NULL, NULL, NULL, NULL, NULL, 'M', '31', 23, NULL, '2024-04-03 00:56:20', '2024-04-03 00:56:20'),
(106, 1, 'HENRI ARISTEO VILLAGRAN PEREZ', 'BARRIO LA UNIDAD', NULL, NULL, NULL, NULL, NULL, NULL, NULL, 'H', '30', 23, NULL, '2024-04-03 00:56:20', '2024-04-03 00:56:20'),
(107, 1, 'JENNI BARAHUNA PEREZ', 'BARRIO LA UNIDAD', NULL, '9626300237', NULL, NULL, NULL, NULL, NULL, 'M', '28', 23, NULL, '2024-04-03 00:56:20', '2024-04-03 00:56:20'),
(108, 1, 'JOEL ORTIZ', 'BARRIO LA UNIDAD', NULL, NULL, NULL, NULL, NULL, NULL, NULL, 'H', '66', 23, NULL, '2024-04-03 00:56:20', '2024-04-03 00:56:20'),
(109, 1, 'CLAFINA VILLAGRAN CHAVEZ', 'BARRIO LA UNIDAD', NULL, NULL, NULL, NULL, NULL, NULL, NULL, 'M', '55', 23, NULL, '2024-04-03 00:56:20', '2024-04-03 00:56:20'),
(110, 1, 'JUAIDA MERARI VILLAGRAN PEREZ', 'BARRIO LA UNIDAD', NULL, '9624212138', NULL, NULL, NULL, NULL, NULL, 'M', '23', 23, NULL, '2024-04-03 00:56:20', '2024-04-03 00:56:20'),
(111, 1, 'MAGALI VILLAGRAN SANCHEZ', 'BARRIO LA UNIDAD', NULL, '9624026774', NULL, NULL, NULL, NULL, NULL, 'M', '35', 23, NULL, '2024-04-03 00:56:20', '2024-04-03 00:56:20'),
(112, 1, 'BELIZARIO VILLAGRAN CHAVEZ', '2 AV. NORTE 33 PTE., BARR. LA UNIDAD', NULL, '9622215013', NULL, NULL, NULL, NULL, NULL, 'H', '63', 23, NULL, '2024-04-03 00:56:20', '2024-04-03 00:56:20'),
(113, 1, 'LUIS ALBERTO VILLAGRAN LOPEZ', 'BARRIO LA UNIDAD', NULL, '9622209291', NULL, NULL, NULL, NULL, NULL, 'H', '23', 23, NULL, '2024-04-03 00:56:20', '2024-04-03 00:56:20'),
(114, 1, 'MARTHA AMAYRANI ZAMORA RUIZ', 'BARRIO LA UNIDAD', NULL, '9624202192', NULL, NULL, NULL, NULL, NULL, 'M', '20', 23, NULL, '2024-04-03 00:56:20', '2024-04-03 00:56:20'),
(115, 1, 'NAYELI YAMILIN VILLAGRAN CHAVEZ', 'BARRIO LA UNIDAD', NULL, '9621464041', NULL, NULL, NULL, NULL, NULL, 'M', '29', 23, NULL, '2024-04-03 00:56:20', '2024-04-03 00:56:20'),
(116, 1, 'ELIZABETH MORALES VELASQUEZ', 'BARRIO LA UNIDAD', NULL, NULL, NULL, NULL, NULL, NULL, NULL, 'M', '30', NULL, 118, '2024-04-03 00:56:20', '2024-04-03 00:56:20'),
(117, 1, 'AXEL BARRIOS MORALES', 'BARRIO LA UNIDAD', NULL, NULL, NULL, NULL, NULL, NULL, NULL, 'H', NULL, NULL, 118, '2024-04-03 00:56:20', '2024-04-03 00:56:20'),
(118, 1, 'ELIEL BARRIOS MORALES', 'BARRIO LA UNIDAD', NULL, NULL, NULL, NULL, NULL, NULL, NULL, 'H', NULL, NULL, 118, '2024-04-03 00:56:20', '2024-04-03 00:56:20'),
(119, 1, 'WILLIAMS ELIUD BARRIONUEVO RAMIREZ', 'BARRIO LA UNIDAD', NULL, '9622585346', NULL, NULL, NULL, NULL, NULL, 'H', NULL, NULL, 57, '2024-04-03 00:56:20', '2024-04-03 00:56:20'),
(120, 1, 'LINYU BARRIOS MORALES ', 'BARRIO LA UNIDAD', NULL, NULL, NULL, NULL, NULL, NULL, NULL, 'H', NULL, NULL, 118, '2024-04-03 00:56:20', '2024-04-03 00:56:20'),
(121, 1, 'ANGEL YESUA LOPEZ MORALES', 'BARRIO LA UNIDAD', NULL, NULL, NULL, NULL, NULL, NULL, NULL, 'H', NULL, NULL, 118, '2024-04-03 00:56:20', '2024-04-03 00:56:20'),
(122, 1, 'RUDY LÓPEZ RAMOS', 'BARRIO LA UNIDAD', NULL, NULL, NULL, NULL, NULL, NULL, NULL, 'H', '29', NULL, 118, '2024-04-03 00:56:20', '2024-04-03 00:56:20'),
(123, 1, 'ERIKA SALVADOR PEREZ', 'BARRIO LA UNIDAD', NULL, '9627073658', NULL, NULL, NULL, NULL, NULL, 'M', '33', NULL, 118, '2024-04-03 00:56:20', '2024-04-03 00:56:20'),
(124, 1, 'AUDELIO LOPEZ RAMOS', 'BARRIO LA UNIDAD', NULL, NULL, NULL, NULL, NULL, NULL, NULL, 'H', NULL, NULL, NULL, '2024-04-03 00:56:20', '2024-04-03 00:56:20'),
(125, 1, 'CARLOS ALBERTO MAZARIEGO PEREZ', '1 AV. NORTE Y 19 CALLE ORIENTE', NULL, '9622909732', NULL, NULL, NULL, NULL, NULL, 'H', '31', NULL, 57, '2024-04-03 00:56:20', '2024-04-03 00:56:20'),
(126, 1, 'WENCESLAO VELASCO ROBLERO', '9 NORTE NUM. 60', NULL, '9622268996', NULL, NULL, NULL, NULL, NULL, 'H', NULL, NULL, 57, '2024-04-03 00:56:20', '2024-04-03 00:56:20'),
(127, 1, 'ELVIRA VELASCO MEZA', '9 NORTE NUM. 60', NULL, '9622268996', NULL, NULL, NULL, NULL, NULL, 'M', NULL, NULL, 57, '2024-04-03 00:56:20', '2024-04-03 00:56:20'),
(128, 1, 'JOSE ANTONIO LOPEZ FUENTES ', '16 AV NTE. 4', NULL, '9623834330', NULL, NULL, NULL, NULL, NULL, 'H', NULL, 58, NULL, '2024-04-03 00:56:20', '2024-04-03 00:56:20'),
(129, 1, 'CLARA LUZ FUENTES HORMEDO', '16 AV NTE. 4', NULL, '9623834330', NULL, NULL, NULL, NULL, NULL, 'M', NULL, 58, NULL, '2024-04-03 00:56:20', '2024-04-03 00:56:20'),
(130, 1, 'MERI FUENTES HORMEDO', '16 AV NTE. 4', NULL, '9623834330', NULL, NULL, NULL, NULL, NULL, 'H', NULL, 58, NULL, '2024-04-03 00:56:20', '2024-04-03 00:56:20'),
(131, 1, 'GLORIA AGUILAR LOPEZ', 'BARRIO LA UNIDAD (ATRAS DEL DIF)', NULL, '9621076362', NULL, NULL, NULL, NULL, NULL, 'M', NULL, 58, NULL, '2024-04-03 00:56:20', '2024-04-03 00:56:20'),
(132, 1, 'TRANQUILINO RAMIREZ MORALES', '2A NORTE #77', NULL, NULL, NULL, NULL, NULL, NULL, NULL, 'H', NULL, NULL, 25, '2024-04-03 00:56:20', '2024-04-03 00:56:20'),
(133, 1, 'APOLINAR MENDEZ PEREZ', '17 PTE., BARR. LA UNIDAD', NULL, NULL, NULL, NULL, NULL, NULL, NULL, 'H', NULL, 58, NULL, '2024-04-03 00:56:20', '2024-04-03 00:56:20'),
(134, 1, 'OSCAR APOLINAR MENDEZ LOPEZ', '17 PTE., BARR. LA UNIDAD', NULL, '9621517604', NULL, NULL, NULL, NULL, NULL, 'H', NULL, 58, NULL, '2024-04-03 00:56:20', '2024-04-03 00:56:20'),
(135, 1, 'DIANA CAROLINA LOPEZ PEREZ', '17 PTE., BARR. LA UNIDAD', NULL, '9624263897', NULL, NULL, NULL, NULL, NULL, 'M', NULL, 58, NULL, '2024-04-03 00:56:20', '2024-04-03 00:56:20'),
(136, 1, 'JOSE GUADALUPE CASTRO CASH', '17 Y 13 PTE. 16 AV NTE. B. LA UNIDAD', NULL, '9984005078', NULL, NULL, NULL, NULL, NULL, 'H', NULL, 58, NULL, '2024-04-03 00:56:20', '2024-04-03 00:56:20'),
(137, 1, 'NIELSEN KRISTEL ROBLERO GARCIA', '17 PTE. ENTRE 10A Y 12 AV NTE. B. LA UNIDAD', NULL, '9621358253', NULL, NULL, NULL, NULL, NULL, 'M', NULL, 58, NULL, '2024-04-03 00:56:20', '2024-04-03 00:56:20'),
(138, 1, 'JAIMEN ABILIO BAMACA MORALES', 'C. 25 PTE. Y 2A AV. NTE. B. LA UNIDAD', NULL, '9622958873', NULL, NULL, NULL, NULL, NULL, 'H', NULL, 58, NULL, '2024-04-03 00:56:20', '2024-04-03 00:56:20'),
(139, 1, 'ERIK LOPEZ MENDEZ', '16 AV NORTE', NULL, '9624651764', NULL, NULL, NULL, NULL, NULL, 'H', NULL, NULL, 119, '2024-04-03 00:56:20', '2024-04-03 00:56:20'),
(140, 1, 'JUAN CARLOS MENDOZA MERIDA', '16 AV NORTE', NULL, '9622704013', NULL, NULL, NULL, NULL, NULL, 'H', NULL, NULL, 119, '2024-04-03 00:56:20', '2024-04-03 00:56:20'),
(141, 1, 'MIRIAM ORTIZ HERNANDEZ', '22 AV NORTE S/N', NULL, '9622525400', NULL, NULL, NULL, NULL, NULL, 'M', NULL, NULL, 119, '2024-04-03 00:56:20', '2024-04-03 00:56:20'),
(142, 1, 'RUBI GERONIMO MORALES', '22 AV NORTE S/N', NULL, '9621073683', NULL, NULL, NULL, NULL, NULL, 'M', NULL, NULL, 119, '2024-04-03 00:56:20', '2024-04-03 00:56:20'),
(143, 1, 'BERONICA DE LA CRUZ GERONIMO', '22 AV NORTE', NULL, '9621073683', NULL, NULL, NULL, NULL, NULL, 'M', NULL, NULL, 119, '2024-04-03 00:56:20', '2024-04-03 00:56:20'),
(144, 1, 'LETICIA ROBLERO PEREZ', 'BARRIO LA UNIDAD', NULL, '9621248630', NULL, NULL, NULL, NULL, NULL, 'M', NULL, NULL, 25, '2024-04-03 00:56:20', '2024-04-03 00:56:20'),
(145, 1, 'MARIA ELENA GOMEZ RUIZ', '22 AV NORTE', NULL, '9621073683', NULL, NULL, NULL, NULL, NULL, 'M', NULL, NULL, 119, '2024-04-03 00:56:20', '2024-04-03 00:56:20'),
(146, 1, 'SONIA GUADALUPE DE LEON RAMIREZ', 'BARRIO TRES HERMANOS ', NULL, '9621707075', NULL, NULL, NULL, NULL, NULL, 'M', NULL, NULL, 25, '2024-04-03 00:56:20', '2024-04-03 00:56:20'),
(147, 1, 'RODOLFO DOMINGUEZ DE LEON', 'BARRIO TRES HERMANOS ', NULL, '9621707075', NULL, NULL, NULL, NULL, NULL, 'H', NULL, NULL, 25, '2024-04-03 00:56:20', '2024-04-03 00:56:20'),
(148, 1, 'BELIZARIO DOMINGUEZ DE LEON', 'BARRIO TRES HERMANOS ', NULL, '9621707075', NULL, NULL, NULL, NULL, NULL, 'H', NULL, NULL, 25, '2024-04-03 00:56:20', '2024-04-03 00:56:20'),
(149, 1, 'CARLOS ECHEVERRIA RAMOS', '22 AV NORTE SIN ', NULL, '9621248339', NULL, NULL, NULL, NULL, NULL, 'H', '71', NULL, 119, '2024-04-03 00:56:20', '2024-04-03 00:56:20'),
(150, 1, 'DARA ELSA AVALOS GOMEZ', '22 AV NORTE S/N', NULL, '9621411298', NULL, NULL, NULL, NULL, NULL, 'M', '68', NULL, 119, '2024-04-03 00:56:20', '2024-04-03 00:56:20'),
(151, 1, 'GUADALUPE CRUZ HENESTROSA', '22 AV NORTE S/N', NULL, '9621649320', NULL, NULL, NULL, NULL, NULL, 'M', '24', NULL, 119, '2024-04-03 00:56:20', '2024-04-03 00:56:20'),
(152, 1, 'CESAR ARMANDO MAZARIEGOS PEREZ', '22 AV NORTE SIN', NULL, '9621649320', NULL, NULL, NULL, NULL, NULL, 'H', '22', NULL, 119, '2024-04-03 00:56:20', '2024-04-03 00:56:20'),
(153, 1, 'VENTURA LOPEZ RAMOS', 'BARRIO LA UNIDAD', NULL, '9621053165', NULL, NULL, NULL, NULL, NULL, 'H', '54', 23, NULL, '2024-04-03 00:56:20', '2024-04-03 00:56:20'),
(154, 1, 'ISAURO ZAVALETA LOPEZ', 'BARRIO LA UNIDAD', NULL, '9621261452', NULL, NULL, NULL, NULL, NULL, 'H', '64', 23, NULL, '2024-04-03 00:56:20', '2024-04-03 00:56:20'),
(155, 1, 'MARIA DE LOS ANGELES NAJERA RUIZ', 'BARRIO LA UNIDAD', NULL, '9621261452', NULL, NULL, NULL, NULL, NULL, 'M', '40', 23, NULL, '2024-04-03 00:56:20', '2024-04-03 00:56:20'),
(156, 1, 'IRVING ROBLERO DIAZ ', 'BARRIO LA UNIDAD', NULL, '9623818854', NULL, NULL, NULL, NULL, NULL, 'H', '22', 23, NULL, '2024-04-03 00:56:20', '2024-04-03 00:56:20'),
(157, 1, 'ROSEMBERT CANDIDO MUÑOZ MTZ.', 'BARRIO LA UNIDAD', NULL, '9623820977', NULL, NULL, NULL, NULL, NULL, 'H', '64', 23, NULL, '2024-04-03 00:56:20', '2024-04-03 00:56:20'),
(158, 1, 'TERESA SARMIENTO JIMENEZ', 'BARRIO LA UNIDAD', NULL, '9622512411', NULL, NULL, NULL, NULL, NULL, 'M', '51', 23, NULL, '2024-04-03 00:56:20', '2024-04-03 00:56:20'),
(159, 1, 'CLAUDIA L MUÑOZ SARMIENTO ', 'BARRIO LA UNIDAD', NULL, '9622514449', NULL, NULL, NULL, NULL, NULL, 'M', '32', 23, NULL, '2024-04-03 00:56:20', '2024-04-03 00:56:20'),
(160, 1, 'DIANA C. FLORES LOPEZ ', 'BARRIO LA UNIDAD', NULL, '9622144318', NULL, NULL, NULL, NULL, NULL, 'M', '33', 23, NULL, '2024-04-03 00:56:20', '2024-04-03 00:56:20'),
(161, 1, 'ROSEMBERT MUÑOZ SARMIENTO', 'BARRIO LA UNIDAD', NULL, '9622144319', NULL, NULL, NULL, NULL, NULL, 'H', '34', 23, NULL, '2024-04-03 00:56:20', '2024-04-03 00:56:20'),
(162, 1, 'MARIA MORALES BARTOLON', '22 AV NORTE S/N', NULL, '9621017466', NULL, NULL, NULL, NULL, NULL, 'M', NULL, NULL, 119, '2024-04-03 00:56:20', '2024-04-03 00:56:20'),
(163, 1, 'JOSE I. MEJIA PEREZ', '22 AV NORTE S/N', NULL, '9621386578', NULL, NULL, NULL, NULL, NULL, 'H', NULL, NULL, 119, '2024-04-03 00:56:20', '2024-04-03 00:56:20'),
(164, 1, 'ADILMA MEJIA MORALES', '22 AV NORTE S/N', NULL, '9622339858', NULL, NULL, NULL, NULL, NULL, 'M', NULL, NULL, 119, '2024-04-03 00:56:20', '2024-04-03 00:56:20'),
(165, 1, 'JOSE DOMINGIO MEJIA B.', '22 AV NORTE S/N', NULL, '9622872472', NULL, NULL, NULL, NULL, NULL, 'H', NULL, NULL, 119, '2024-04-03 00:56:20', '2024-04-03 00:56:20'),
(166, 1, 'JAVIER ARMENTA CH.', '22 AV NORTE S/N', NULL, '9622830875', NULL, NULL, NULL, NULL, NULL, 'H', NULL, NULL, 119, '2024-04-03 00:56:20', '2024-04-03 00:56:20'),
(167, 1, 'MARILITA BRICEÑO AGUILAR', '22 AV NORTE S/N', NULL, '9622914994', NULL, NULL, NULL, NULL, NULL, 'M', NULL, NULL, 119, '2024-04-03 00:56:20', '2024-04-03 00:56:20'),
(168, 1, 'ALBARO MEJIA BRICEÑO', '22 AV NORTE S/N', NULL, '9621246886', NULL, NULL, NULL, NULL, NULL, 'H', NULL, NULL, 119, '2024-04-03 00:56:20', '2024-04-03 00:56:20'),
(169, 1, 'JOSE MEJIA', '22 AV NORTE S/N', NULL, '9621017466', NULL, NULL, NULL, NULL, NULL, 'H', NULL, NULL, 119, '2024-04-03 00:56:20', '2024-04-03 00:56:20'),
(170, 1, 'LILIA MORALES DIAZ', '2 AV NTE. 27 Y 29 C. PTE., B. LA UNIDAD', NULL, NULL, NULL, NULL, NULL, NULL, NULL, 'M', NULL, 58, NULL, '2024-04-03 00:56:20', '2024-04-03 00:56:20'),
(171, 1, 'ANARELI BAMACA MORALES', '2 AV NTE. 27 Y 29 C. PTE., B. LA UNIDAD', NULL, '9621467999', NULL, NULL, NULL, NULL, NULL, 'M', NULL, 58, NULL, '2024-04-03 00:56:20', '2024-04-03 00:56:20'),
(172, 1, 'ELIZABETH RAMOS LOPEZ', '19 PTE. BARRIO LA UNIDAD ', NULL, '9624025502', NULL, NULL, NULL, NULL, NULL, 'M', NULL, 58, NULL, '2024-04-03 00:56:20', '2024-04-03 00:56:20'),
(173, 1, 'ANA JULIETA HERNANDEZ', '13 OTE. Y 9 AV NTE., B. GUADALUPE', NULL, '9621195873', NULL, NULL, NULL, NULL, NULL, 'M', NULL, 58, NULL, '2024-04-03 00:56:20', '2024-04-03 00:56:20'),
(174, 1, 'ENRIQUE HERNANDEZ CHÁVEZ', '19 PTE. Y 20 AV NTE., B. LA UNIDAD', NULL, NULL, NULL, NULL, NULL, NULL, NULL, 'H', NULL, 58, NULL, '2024-04-03 00:56:20', '2024-04-03 00:56:20'),
(175, 1, 'CATALINA PEREZ GARCIA', '19 PTE. Y 20 AV NTE., B. LA UNIDAD', NULL, NULL, NULL, NULL, NULL, NULL, NULL, 'M', NULL, 58, NULL, '2024-04-03 00:56:20', '2024-04-03 00:56:20'),
(176, 1, 'FAUSTO HERNANDEZ PEREZ', '19 PTE. Y 20 AV NTE., B. LA UNIDAD', NULL, '9622152737', NULL, NULL, NULL, NULL, NULL, 'H', NULL, 58, NULL, '2024-04-03 00:56:20', '2024-04-03 00:56:20'),
(177, 1, 'JOHNNY HERNANDEZ MORALES', '19 PTE. Y 20 AV NTE., B. LA UNIDAD', NULL, NULL, NULL, NULL, NULL, NULL, NULL, 'H', NULL, 58, NULL, '2024-04-03 00:56:20', '2024-04-03 00:56:20'),
(178, 1, 'AIDA MORALES ESCOBAR', '19 PTE. Y 20 AV NTE., B. LA UNIDAD', NULL, NULL, NULL, NULL, NULL, NULL, NULL, 'M', NULL, 58, NULL, '2024-04-03 00:56:20', '2024-04-03 00:56:20'),
(179, 1, 'OLIBERIO DIAZ ROBLERO', '19 PTE. Y 20 AV NTE., B. LA UNIDAD', NULL, '9623829722', NULL, NULL, NULL, NULL, NULL, 'H', NULL, 58, NULL, '2024-04-03 00:56:20', '2024-04-03 00:56:20'),
(180, 1, 'JORAM ABILA GONZALES', '9 PTE Y 22 AV NTE. B. LA UNIDAD', NULL, '9625104582', NULL, NULL, NULL, NULL, NULL, 'H', NULL, 58, NULL, '2024-04-03 00:56:20', '2024-04-03 00:56:20'),
(181, 1, 'EDI LOPEZ DIAZ', '13 PTE. Y 24 AV NTE. B. LA UNIDAD', NULL, NULL, NULL, NULL, NULL, NULL, NULL, 'H', NULL, 58, NULL, '2024-04-03 00:56:20', '2024-04-03 00:56:20'),
(182, 1, 'NAHUM DELFINO GUTIERREZ MORALES', 'BARRIO LA UNIDAD', NULL, '9622932856', NULL, NULL, NULL, NULL, NULL, 'H', '63', 23, NULL, '2024-04-03 00:56:20', '2024-04-03 00:56:20'),
(183, 1, 'CLAUDIA NAYELI GUTIERREZ', 'BARRIO LA  UNIDAD', NULL, '9622932856', NULL, NULL, NULL, NULL, NULL, 'M', '25', 23, NULL, '2024-04-03 00:56:20', '2024-04-03 00:56:20'),
(184, 1, 'TERESA DE JESUS GUTIEREZ PEREZ', 'BARRIO LA UNIDAD', NULL, '9622932859', NULL, NULL, NULL, NULL, NULL, 'M', '18', 23, NULL, '2024-04-03 00:56:20', '2024-04-03 00:56:20'),
(185, 1, 'SIXTO MORALES BARRIOS', 'BARRIO LA UNIDAD', NULL, '6241929785', NULL, NULL, NULL, NULL, NULL, 'H', NULL, NULL, 118, '2024-04-03 00:56:20', '2024-04-03 00:56:20'),
(186, 1, 'DOMINK RODAS MORALES', 'BARRIO LA UNIDAD', NULL, '8135102772', NULL, NULL, NULL, NULL, NULL, 'H', NULL, NULL, 118, '2024-04-03 00:56:20', '2024-04-03 00:56:20'),
(187, 1, 'BRENDA PATRICIA RODAS', 'BARRIO LA UNIDAD', NULL, '9621136869', NULL, NULL, NULL, NULL, NULL, 'M', NULL, NULL, 118, '2024-04-03 00:56:20', '2024-04-03 00:56:20'),
(188, 1, 'CECILIA MORALES BARRIOS', 'BARRIO LA UNIDAD', NULL, '9622153137', NULL, NULL, NULL, NULL, NULL, 'M', NULL, NULL, 118, '2024-04-03 00:56:20', '2024-04-03 00:56:20'),
(189, 1, 'YARIDMA SHANIK MORALES BARRIOS', 'BARRIO LA UNIDAD', NULL, '9623859953', NULL, NULL, NULL, NULL, NULL, 'M', NULL, NULL, 118, '2024-04-03 00:56:20', '2024-04-03 00:56:20'),
(190, 1, 'SELENE GISEL MORALES BARRIOS', 'BARRIO LA UNIDAD', NULL, '9621125284', NULL, NULL, NULL, NULL, NULL, 'M', NULL, NULL, 118, '2024-04-03 00:56:20', '2024-04-03 00:56:20'),
(191, 1, 'ADULFO LOPEZ LOPEZ', 'BARRIO LA UNIDAD', NULL, '9623285847', NULL, NULL, NULL, NULL, NULL, 'H', NULL, NULL, 118, '2024-04-03 00:56:20', '2024-04-03 00:56:20'),
(192, 1, 'ROXANA MENDEZ BAMACA', 'BARRIO LA UNIDAD', NULL, '9621507665', NULL, NULL, NULL, NULL, NULL, 'M', '27', NULL, 115, '2024-04-03 00:56:20', '2024-04-03 00:56:20'),
(193, 1, 'ROSALBA CRUZ HERNANDEZ', 'CENTRAL NORTE', NULL, '9621421207', NULL, NULL, NULL, NULL, NULL, 'M', '63', NULL, 115, '2024-04-03 00:56:20', '2024-04-03 00:56:20'),
(194, 1, 'REMEDIOS DOLORES JIMENEZ GONZALEZ', 'CENTRAL  NORTE 19', NULL, '9623255784', NULL, NULL, NULL, NULL, NULL, 'M', '58', NULL, 115, '2024-04-03 00:56:20', '2024-04-03 00:56:20'),
(195, 1, 'RENE BARTOLO PEREZ', '10 NTE. BARR. LA UNIDAD', NULL, '9622851217', NULL, NULL, NULL, NULL, NULL, 'H', '34', NULL, 115, '2024-04-03 00:56:20', '2024-04-03 00:56:20'),
(196, 1, 'CALIXTO LOPEZ BARTOLON', '2A AV NTE., BARR. LA UNIDAD', NULL, '9624616866', NULL, NULL, NULL, NULL, NULL, 'H', '73', NULL, 115, '2024-04-03 00:56:20', '2024-04-03 00:56:20'),
(197, 1, 'JACOBO GALVEZ GALVEZ', '8 NTE. Y 29 PTE., BARR. LA UNIDAD', NULL, '9625222153', NULL, NULL, NULL, NULL, NULL, 'H', '70', NULL, 115, '2024-04-03 00:56:20', '2024-04-03 00:56:20'),
(198, 1, 'SALATIEL SANTOS', '15A NTE.,BARRIO LA UNIDAD', NULL, '9622925605', NULL, NULL, NULL, NULL, NULL, 'H', '62', NULL, 115, '2024-04-03 00:56:20', '2024-04-03 00:56:20'),
(199, 1, 'MERCEDES DE LA PAZ ESPINOZA RAMIREZ', 'BARRIO LA UNIDAD', NULL, '9621661455', NULL, NULL, NULL, NULL, NULL, 'M', '51', NULL, 115, '2024-04-03 00:56:20', '2024-04-03 00:56:20'),
(200, 1, 'YENI RODRIGUEZ ROBLERO', 'BARRIO 3 HERMANOS', NULL, '9624258837', NULL, NULL, NULL, NULL, NULL, 'M', NULL, NULL, 32, '2024-04-03 00:56:20', '2024-04-03 00:56:20'),
(201, 1, 'GUSTAVO ALEXANDER ALONSO RUIZ', '10 AV NORTE S/N BARRIO LA UNIDAD', NULL, '96245182306', NULL, NULL, NULL, NULL, NULL, 'H', NULL, NULL, 39, '2024-04-03 00:56:20', '2024-04-03 00:56:20'),
(202, 1, 'MARGARITA CONCEPCION RUIZ ROQUE', '17 CALLE PTE. BARRIO LA UNIDAD', NULL, '9627078607', NULL, NULL, NULL, NULL, NULL, 'M', NULL, NULL, 39, '2024-04-03 00:56:20', '2024-04-03 00:56:20'),
(203, 1, 'GUADALUPE RUIZ ROQUE', '17 CALLE PTE. BARRIO LA UNIDAD', NULL, '9996436206', NULL, NULL, NULL, NULL, NULL, 'M', NULL, NULL, 39, '2024-04-03 00:56:20', '2024-04-03 00:56:20'),
(204, 1, 'TEOFILO PEREZ AGUILAR', 'AV CENTRAL NTE. BARR. LA UNIDAD', NULL, NULL, NULL, NULL, NULL, NULL, NULL, 'H', NULL, NULL, 39, '2024-04-03 00:56:20', '2024-04-03 00:56:20'),
(205, 1, 'JUANA ROBLERO GONZALEZ', '19 PONIENTE BARRIO LA UNIDAD', NULL, NULL, NULL, NULL, NULL, NULL, NULL, 'M', NULL, NULL, NULL, '2024-04-03 00:56:20', '2024-04-03 00:56:20'),
(206, 1, 'ODILIA BARTOLON MEJIA', 'CALLE 31A PONIENTE, BARRIO LA UNIDAD', NULL, '9624837912', NULL, NULL, NULL, NULL, NULL, 'M', NULL, NULL, 39, '2024-04-03 00:56:20', '2024-04-03 00:56:20'),
(207, 1, 'BRAYAN ARNOLDO CRUZ BAMACA', '19 CALLE PONIENTE, BARRIO LA UNIDAD', NULL, '9621304897', NULL, NULL, NULL, NULL, NULL, 'H', NULL, NULL, 39, '2024-04-03 00:56:20', '2024-04-03 00:56:20'),
(208, 1, 'JOSE LUIS MIGUEL MENDEZ', '10 AV NORTE #242 BARRIO LA UNIDAD', NULL, '9624724312', NULL, NULL, NULL, NULL, NULL, 'H', NULL, NULL, 39, '2024-04-03 00:56:20', '2024-04-03 00:56:20'),
(209, 1, 'ANIBAL JOSUE PEREZ CHAVEZ', '31A CALLE PONIENTE, BARRIO LA UNIDAD', NULL, '9621007426', NULL, NULL, NULL, NULL, NULL, 'H', NULL, NULL, 39, '2024-04-03 00:56:20', '2024-04-03 00:56:20'),
(210, 1, 'ESAU NEFTALI JIMENEZ GONZALEZ', '17 PTE S/N BARRIO LA UNIDAD', NULL, '6648037018', NULL, NULL, NULL, NULL, NULL, 'H', NULL, NULL, 39, '2024-04-03 00:56:20', '2024-04-03 00:56:20'),
(211, 1, 'ANA ARELI RAMOS PEREZ', '17 PTE S/N BARRIO LA UNIDAD', NULL, '9621512305', NULL, NULL, NULL, NULL, NULL, 'M', NULL, NULL, 39, '2024-04-03 00:56:20', '2024-04-03 00:56:20'),
(212, 1, 'YULIANA GLIFELETH RAMOS GARCIA', '17 PTE S/N BARRIO LA UNIDAD', NULL, '9621442778', NULL, NULL, NULL, NULL, NULL, 'M', NULL, NULL, 39, '2024-04-03 00:56:20', '2024-04-03 00:56:20'),
(213, 1, 'GABRIELA YAQUELIN RAMOS PEREZ', '17 PTE S/N BARRIO LA UNIDAD', NULL, '9622526528', NULL, NULL, NULL, NULL, NULL, 'M', NULL, NULL, 39, '2024-04-03 00:56:20', '2024-04-03 00:56:20'),
(214, 1, 'LIZBETH SIMEONE GUTIERREZ', '27 PTE S/N BARRIO LA UNIDAD', NULL, '9621318603', NULL, NULL, NULL, NULL, NULL, 'M', NULL, NULL, 39, '2024-04-03 00:56:20', '2024-04-03 00:56:20'),
(215, 1, 'HUGO PEREZ CHAVEZ', '18 PTE Y 11 AV NORTE BARRIO LA UNIDAD', NULL, '6161285264', NULL, NULL, NULL, NULL, NULL, 'H', NULL, NULL, 39, '2024-04-03 00:56:20', '2024-04-03 00:56:20'),
(216, 1, 'YENIFER HERNANDEZ PEREZ', '18 PTE Y 11 AV NORTE BARRIO LA UNIDAD', NULL, '6648560729', NULL, NULL, NULL, NULL, NULL, 'M', NULL, NULL, 39, '2024-04-03 00:56:20', '2024-04-03 00:56:20'),
(217, 1, 'FAUSTO PEREZ CHAVEZ', '14 NORTE ENTRE 35 Y 37 PTE', NULL, '9621006678', NULL, NULL, NULL, NULL, NULL, 'H', NULL, NULL, 39, '2024-04-03 00:56:20', '2024-04-03 00:56:20'),
(218, 1, 'ANAHI MORALES RAMOS', '17 PTE S/N BARRIO LA UNIDAD', NULL, '9621218642', NULL, NULL, NULL, NULL, NULL, 'M', NULL, NULL, 39, '2024-04-03 00:56:20', '2024-04-03 00:56:20'),
(219, 1, 'KAREN ELIZABETH MERIDA SANCHEZ', '17 PTE S/N BARRIO LA UNIDAD', NULL, '8124441997', NULL, NULL, NULL, NULL, NULL, 'M', NULL, NULL, 39, '2024-04-03 00:56:20', '2024-04-03 00:56:20'),
(220, 1, 'APARICIO ADAN ROBLERO BARTOLON', '10 AV NORTE S/N BARRIO LA UNIDAD', NULL, '9621861001', NULL, NULL, NULL, NULL, NULL, 'H', '64', NULL, 120, '2024-04-03 00:56:20', '2024-04-03 00:56:20'),
(221, 1, 'KEVIN ADAN ROBLERO ROBLERO', '10 AV NORTE S/N BARRIO LA UNIDAD', NULL, '9621390118', NULL, NULL, NULL, NULL, NULL, 'H', '21', NULL, 120, '2024-04-03 00:56:20', '2024-04-03 00:56:20'),
(222, 1, 'MARIA TERESA ROBLERO ROBLES', '10 AV NORTE S/N BARRIO LA UNIDAD', NULL, '9622582264', NULL, NULL, NULL, NULL, NULL, 'M', '60', NULL, 120, '2024-04-03 00:56:20', '2024-04-03 00:56:20'),
(223, 1, 'YUSELMI VIANEY ROBLERO ROBLERO', '10 AV NORTE S/N BARRIO LA UNIDAD', NULL, '9621275038', NULL, NULL, NULL, NULL, NULL, 'M', '31', NULL, 120, '2024-04-03 00:56:20', '2024-04-03 00:56:20'),
(224, 1, 'YADIRA BERENICE CANCINO GUZMAN', '10 AV NORTE BARRIO LA UNIDAD', NULL, '9621212386', NULL, NULL, NULL, NULL, NULL, 'M', NULL, NULL, 120, '2024-04-03 00:56:20', '2024-04-03 00:56:20'),
(225, 1, 'GABRIEL AGUILAR PAZ', 'B. LA UNIDAD', NULL, '9621143211', NULL, NULL, NULL, NULL, NULL, 'M', '42', 121, 121, '2024-04-03 00:56:20', '2024-04-03 03:18:05'),
(226, 1, 'AMERICA E. ROBLERO PAZ', 'B. LA UNIDAD', NULL, NULL, NULL, NULL, NULL, NULL, NULL, 'M', NULL, NULL, 32, '2024-04-03 00:56:20', '2024-04-03 00:56:20'),
(227, 1, 'ADIEL ABISAI DIAZ ROBLERO', 'C. 17A PTE 6, BARRIO LA UNIDAD', NULL, '9621126958', NULL, NULL, NULL, NULL, NULL, 'H', NULL, NULL, 32, '2024-04-03 00:56:20', '2024-04-03 00:56:20'),
(228, 1, 'VICENTE PEREZ VELAZQUEZ', 'BARRIO LA UNIDAD', NULL, NULL, NULL, NULL, NULL, NULL, NULL, 'H', '45', 58, NULL, '2024-04-03 00:56:20', '2024-04-03 00:56:20'),
(229, 1, 'RENE LOPEZ ROBLES', 'BARRIO LA UNIDAD', NULL, '9624492437', NULL, NULL, NULL, NULL, NULL, 'H', '32', 23, NULL, '2024-04-03 00:56:20', '2024-04-03 00:56:20'),
(230, 1, 'MARICELA MARTIN PEREZ', 'BARRIO LA UNIDAD', NULL, '9624492437', NULL, NULL, NULL, NULL, NULL, 'H', NULL, 23, NULL, '2024-04-03 00:56:20', '2024-04-03 00:56:20'),
(231, 1, 'AGUSTIN BARRIOS MORA', 'BARRIO LA UNIDAD', NULL, '9624251239', NULL, NULL, NULL, NULL, NULL, 'H', '65', 23, NULL, '2024-04-03 00:56:20', '2024-04-03 00:56:20'),
(232, 1, 'NORMA MARTINEZ FIGUEROA', 'BARRIO LA UNIDAD', NULL, '9622909360', NULL, NULL, NULL, NULL, NULL, 'M', '63', 23, NULL, '2024-04-03 00:56:20', '2024-04-03 00:56:20'),
(233, 1, 'LISBETH GUTIERREZ GARCIA', 'BARRIO LA UNIDAD', NULL, '9621488274', NULL, NULL, NULL, NULL, NULL, 'M', '42', 23, NULL, '2024-04-03 00:56:20', '2024-04-03 00:56:20'),
(234, 1, 'LUIS CARLOS BARRIOS MTZ. ', 'BARRIO LA UNIDAD', NULL, '9621847376', NULL, NULL, NULL, NULL, NULL, 'H', '42', 23, NULL, '2024-04-03 00:56:20', '2024-04-03 00:56:20'),
(235, 1, 'NORMA GEISEL BARRIOS GTZ.', 'BARRIO LA UNIDAD', NULL, '9625105214', NULL, NULL, NULL, NULL, NULL, 'M', '22', 23, NULL, '2024-04-03 00:56:20', '2024-04-03 00:56:20'),
(526, 2, 'MARINA ESCALANTE MORALES', 'C.13A ORIENTE 32, BARR. ANAHUAC', NULL, NULL, NULL, NULL, NULL, NULL, NULL, 'M', '33', NULL, NULL, '2024-04-03 04:47:26', '2024-04-03 04:47:26'),
(527, 2, 'LOURDES LOPEZ PEREZ', 'AV. 23A NORTE Y 15 C. OTE. S/N, B. ANAHUAC', NULL, NULL, NULL, NULL, NULL, NULL, NULL, 'M', '30', NULL, NULL, '2024-04-03 04:47:26', '2024-04-03 04:47:26'),
(528, 2, 'ANABEL GONZALEZ BRAVO', 'C. 13A ORIENTE S/N, BARR. ANAHUAC ', NULL, NULL, NULL, NULL, NULL, NULL, NULL, 'M', '48', NULL, NULL, '2024-04-03 04:47:26', '2024-04-03 04:47:26'),
(529, 2, 'GUADALUPE MAGALI PEREZ LOPEZ', 'AV. 25A NORTE S/N, BARR. ANAHUAC', NULL, NULL, NULL, NULL, NULL, NULL, NULL, 'M', '34', NULL, NULL, '2024-04-03 04:47:26', '2024-04-03 04:47:26'),
(530, 2, 'CRISTHIAN DAVID MORALES AVERRIAGA', 'C. 11A ORIENTE S/N, BARR. ANAHUAC', NULL, NULL, NULL, NULL, NULL, NULL, NULL, 'H', '22', NULL, NULL, '2024-04-03 04:47:26', '2024-04-03 04:47:26'),
(531, 2, 'CARLOS ALBERTO MORALES EVERRIAGA', 'AV. 31A NORTE Y 11A C. ORIENTE S/N, B. ANAHUAC', NULL, NULL, NULL, NULL, NULL, NULL, NULL, 'H', '20', NULL, NULL, '2024-04-03 04:47:26', '2024-04-03 04:47:26'),
(532, 2, 'VERONICA CATALINA VILLALOBOS MORALES', 'AV. 31A NORTE S/N, BARR. ANAHUAC', NULL, '9621500674', NULL, NULL, NULL, NULL, NULL, 'M', '37', NULL, NULL, '2024-04-03 04:47:26', '2024-04-03 04:47:26'),
(533, 2, 'DORA LUZ ROBLERO DÍAZ', 'C. 34 ORIENTE S/N, BARR. MONTE BELLO', NULL, NULL, NULL, NULL, NULL, NULL, NULL, 'M', '47', NULL, NULL, '2024-04-03 04:47:26', '2024-04-03 04:47:26'),
(534, 2, 'NEYDI SANELIA VENTURA PEREZ', 'AV. 31A NORTE 22, BARR. ANAHUAC', NULL, '9622390944', NULL, NULL, NULL, NULL, NULL, 'M', '36', NULL, NULL, '2024-04-03 04:47:26', '2024-04-03 04:47:26'),
(535, 2, 'TRINIDAD BARRIOS RAMOS', 'AV. 23A NORTE S/N, BARR. ANAHUAC.', NULL, '9624039850', NULL, NULL, NULL, NULL, NULL, 'M', '58', NULL, NULL, '2024-04-03 04:47:26', '2024-04-03 04:47:26'),
(536, 2, 'ADALINDA DE LEON MORALES', 'C. 9A ORIENTE S/N, FRACC. MONTE BELO', NULL, NULL, NULL, NULL, NULL, NULL, NULL, 'M', '46', NULL, NULL, '2024-04-03 04:47:26', '2024-04-03 04:47:26'),
(537, 2, 'RODOLFO SOLIS SANTISO', 'C. CENTRAL ORIENTE 64, BARR. ANAHUAC', NULL, NULL, NULL, NULL, NULL, NULL, NULL, 'H', '47', NULL, NULL, '2024-04-03 04:47:26', '2024-04-03 04:47:26'),
(538, 2, 'GILDARDO ESCOBAR SAMAYOA', '7AV NTE N72 BARRIO 3 HNOS', NULL, '9621363812', NULL, NULL, NULL, NULL, NULL, 'H', '48', NULL, NULL, '2024-04-03 04:47:26', '2024-04-03 04:47:26'),
(539, 2, 'PEDRO RAMON ESCOBAR ARRIAGA', '7AV NTE N72 BARRIO 3 HNOS', NULL, '9621262767', NULL, NULL, NULL, NULL, NULL, 'H', '81', NULL, NULL, '2024-04-03 04:47:26', '2024-04-03 04:47:26'),
(540, 2, 'ARMANDO CARDENAS ESCOBAR', '7AV NTE 74 BARRIO 3 HNOS', NULL, '9623067461', NULL, NULL, NULL, NULL, NULL, 'H', '28', NULL, NULL, '2024-04-03 04:47:26', '2024-04-03 04:47:26'),
(541, 2, 'MERCEDES ELIZABETH ESCOBAR SAMAYOA', '7AV NTE N74 BARRIO 3HNOS', NULL, '9621648615', NULL, NULL, NULL, NULL, NULL, 'M', '53', NULL, NULL, '2024-04-03 04:47:26', '2024-04-03 04:47:26'),
(542, 2, 'ADELAIDO CAMACHO ESCOBAR', '7AV NTE S/N ', NULL, '9626964073', NULL, NULL, NULL, NULL, NULL, 'H', '30', NULL, NULL, '2024-04-03 04:47:26', '2024-04-03 04:47:26'),
(543, 2, 'ATHZIRI ELIZABETH CARDENAS ESCOBAR', '7AV NTE N74 BARRIO 3HNOS', NULL, '9622703084', NULL, NULL, NULL, NULL, NULL, 'M', '24', NULL, NULL, '2024-04-03 04:47:26', '2024-04-03 04:47:26'),
(544, 2, 'MITZI ALEJANDRA CARDENAS ESCOBAR', '7AV NTE S/N BARRIO 3HNOS', NULL, '9621683788', NULL, NULL, NULL, NULL, NULL, 'M', '29', NULL, NULL, '2024-04-03 04:47:26', '2024-04-03 04:47:26'),
(545, 2, 'AXEL DAMIAN DIAZ ESCOBAR', '7AV NTE N72 BARRIO 3 HNOS', NULL, '9622884541', NULL, NULL, NULL, NULL, NULL, 'H', '21', NULL, NULL, '2024-04-03 04:47:26', '2024-04-03 04:47:26'),
(546, 2, 'ARCADIA SAMAYOA VELAZQUEZ', '7AV NTE N72 BARRIO 3 HNOS', NULL, '9621122218', NULL, NULL, NULL, NULL, NULL, 'M', '70', NULL, NULL, '2024-04-03 04:47:26', '2024-04-03 04:47:26'),
(547, 2, 'WENDY CAROLINA ESCOBAR SAMAYOA', '7AV NTE N72 BARRIO 3 HNOS', NULL, '9621276154', NULL, NULL, NULL, NULL, NULL, 'M', '40', NULL, NULL, '2024-04-03 04:47:26', '2024-04-03 04:47:26'),
(548, 2, 'ANADELIA RODRIGUEZ AGUILAR', '3AV NTE N6 BARRIO GUADALUPE', NULL, '9622901342', NULL, NULL, NULL, NULL, NULL, 'M', '46', NULL, NULL, '2024-04-03 04:47:26', '2024-04-03 04:47:26'),
(549, 2, 'MAYELA MAIDELIN BALTAZAR GOMEZ', '25A AV NTE N25 B. ANAHUAC', NULL, NULL, NULL, NULL, NULL, NULL, NULL, 'M', '30', NULL, NULL, '2024-04-03 04:47:26', '2024-04-03 04:47:26'),
(550, 2, 'JORGE ALBERTO ROBLEDO SOLIS', 'CALLE GLADIOLAS MZ 4 LT6 FOVISSSTE', NULL, '9622200418', NULL, NULL, NULL, NULL, NULL, 'H', NULL, NULL, NULL, '2024-04-03 04:47:26', '2024-04-03 04:47:26'),
(551, 2, 'MARIA GEORGINA PALOMO GONZALEZ', 'CALLE GLADIOLAS MZ 46 FOVISSSTE', NULL, '9621460024', NULL, NULL, NULL, NULL, NULL, 'M', NULL, NULL, NULL, '2024-04-03 04:47:26', '2024-04-03 04:47:26'),
(552, 2, 'MARLENY PEREZ REYNA', 'AV 3RA NTE B. GUADALUPE', NULL, '9621130123', NULL, NULL, NULL, NULL, NULL, 'M', NULL, NULL, NULL, '2024-04-03 04:47:26', '2024-04-03 04:47:26'),
(553, 2, 'OVED MERIDA LOPEZ', 'AV 13 NTE B. GUADALUPE', NULL, '9621305938', NULL, NULL, NULL, NULL, NULL, 'H', NULL, NULL, NULL, '2024-04-03 04:47:26', '2024-04-03 04:47:26'),
(554, 2, 'ALBERTO PEREZ REYNA', 'AV. 3RA NTE B. GUADALUPE', NULL, '9622100406', NULL, NULL, NULL, NULL, NULL, 'H', NULL, NULL, NULL, '2024-04-03 04:47:26', '2024-04-03 04:47:26'),
(555, 2, 'ANA LIZZETH SALAS RODRIGUEZ', '13 OTE B. GUADALUPE', NULL, NULL, NULL, NULL, NULL, NULL, NULL, 'M', NULL, NULL, NULL, '2024-04-03 04:47:26', '2024-04-03 04:47:26'),
(556, 2, 'NAU ALEJANDRO ROBLERO DE LEON', '13 OTE Y 9 AV NTE', NULL, NULL, NULL, NULL, NULL, NULL, NULL, 'H', NULL, NULL, NULL, '2024-04-03 04:47:26', '2024-04-03 04:47:26'),
(557, 2, 'ANGELINA DE LEON LOPEZ', '13 OTE N 24 B. GUADALUPE', NULL, NULL, NULL, NULL, NULL, NULL, NULL, 'M', NULL, NULL, NULL, '2024-04-03 04:47:26', '2024-04-03 04:47:26'),
(558, 2, 'FRANCISCO UBEYNE ROBLERO DE LEON', '13 OTE N 24 B. GUADALUPE', NULL, NULL, NULL, NULL, NULL, NULL, NULL, 'H', NULL, NULL, NULL, '2024-04-03 04:47:26', '2024-04-03 04:47:26'),
(559, 2, 'JENNIFER FRANKLIN SALGADO', '13 OTE N 24 B. GUADALUPE', NULL, NULL, NULL, NULL, NULL, NULL, NULL, 'M', NULL, NULL, NULL, '2024-04-03 04:47:26', '2024-04-03 04:47:26'),
(560, 2, 'HEBER SAUL ROBLERO DE LEON', '13 OTE N 24 B. GUADALUPE', NULL, NULL, NULL, NULL, NULL, NULL, NULL, 'H', NULL, NULL, NULL, '2024-04-03 04:47:26', '2024-04-03 04:47:26'),
(561, 2, 'ELIZA MARLENI HERNANDEZ ROBLERO', 'AV 13A NORTE 37, BARR. 3 HERMANOS', NULL, '9616251539', NULL, NULL, NULL, NULL, NULL, 'M', '41', NULL, 51, '2024-04-03 04:47:26', '2024-04-03 04:47:26'),
(562, 2, 'ARISPE GUADALUPE', 'AV 29A NORTE 12, BARR. ANAHUAC', NULL, NULL, NULL, NULL, NULL, NULL, NULL, 'M', '68', 62, NULL, '2024-04-03 04:47:26', '2024-04-03 04:47:26'),
(563, 2, 'SUSANA GIRON SANTIZ', 'C. 9A ORIENTE S/N, FRACC. MONTE BELO', NULL, NULL, NULL, NULL, NULL, NULL, NULL, 'M', '29', 62, NULL, '2024-04-03 04:47:26', '2024-04-03 04:47:26'),
(564, 2, 'CLEOTILDE MAZARIEGOS PAZ', 'AV 3A NORTE 26, BARR. GUADALUPE', NULL, NULL, NULL, NULL, NULL, NULL, NULL, 'M', NULL, NULL, 115, '2024-04-03 04:47:26', '2024-04-03 04:47:26');
INSERT INTO `promovidos` (`id`, `id_seccion`, `nombre`, `localidad_y_domicilio`, `clave_elec`, `telefono`, `correo`, `facebook`, `id_ocupacion`, `escolaridad`, `fecha_captura`, `genero`, `edad`, `id_usuario`, `id_promotor`, `created_at`, `updated_at`) VALUES
(565, 2, 'ALIDA MARILU RODRIGUEZ REYNA', 'AV 3A NORTE 40, BARR. GUADALUPE', NULL, NULL, NULL, NULL, NULL, NULL, NULL, 'M', NULL, NULL, 115, '2024-04-03 04:47:26', '2024-04-03 04:47:26'),
(566, 2, 'MARTHA CIFUENTES JUAREZ', 'AV 3A NORTE 40, BARR. GUADALUPE', NULL, NULL, NULL, NULL, NULL, NULL, NULL, 'M', NULL, NULL, 115, '2024-04-03 04:47:26', '2024-04-03 04:47:26'),
(567, 2, 'MATILDE JUDITH MALDONADO PEREZ', 'C. 9A ORIENTE 19, BARR. GUADALUPE', NULL, NULL, NULL, NULL, NULL, NULL, NULL, 'M', NULL, NULL, 115, '2024-04-03 04:47:26', '2024-04-03 04:47:26'),
(568, 2, 'JUANA ODILIA GODINEZ RAMOS', 'AV 7A NORTE 06,  BARR. GUADALUPE', NULL, NULL, NULL, NULL, NULL, NULL, NULL, 'M', NULL, NULL, 115, '2024-04-03 04:47:26', '2024-04-03 04:47:26'),
(569, 2, 'CESAR OMAR CRUZ DIAZ', 'C. 9A ORIENTE 27, BARR. GUADALUPE', NULL, '9621098290', NULL, NULL, NULL, NULL, NULL, 'H', NULL, NULL, 23, '2024-04-03 04:47:26', '2024-04-03 04:47:26'),
(570, 2, 'FIDEL RAMIREZ VILLACINDA', 'AV 3A ORIENTE S/N, BARR. GUADALUPE', NULL, '9613670788', NULL, NULL, NULL, NULL, NULL, 'H', NULL, NULL, 23, '2024-04-03 04:47:26', '2024-04-03 04:47:26'),
(571, 2, 'CARLOS VALENTIN PEREZ RAMIREZ', 'AV 25A NORTE S/N, BARR. ANAHUAC', NULL, '9621971707', NULL, NULL, NULL, NULL, NULL, 'H', NULL, NULL, 23, '2024-04-03 04:47:27', '2024-04-03 04:47:27'),
(572, 2, 'MARCO ANTONIO TELLO MORALES', 'C. 15A ORIENTE 46, BARR. GUADALUPE', NULL, '9622118835', NULL, NULL, NULL, NULL, NULL, 'H', NULL, NULL, 23, '2024-04-03 04:47:27', '2024-04-03 04:47:27'),
(573, 2, 'BRAYAN DIAZ PAZ', '25 AV. NORTE Y 7 C. ORIENTE. BARR. ANAHUAC', NULL, NULL, NULL, NULL, NULL, NULL, NULL, 'H', NULL, NULL, 23, '2024-04-03 04:47:27', '2024-04-03 04:47:27'),
(574, 2, 'MARIBEL GODINEZ DIAZ', '7 AV. NORTE NUM. 6, BARR. GUADALUPE', NULL, '9616516382', NULL, NULL, NULL, NULL, NULL, 'M', NULL, 62, NULL, '2024-04-03 04:47:27', '2024-04-03 04:47:27'),
(575, 2, 'ZOILA LOURDES RAMOS BARRIOS', '23 AV. NORTE S/N, BARRIO ANAHUAC', NULL, '9622023812', NULL, NULL, NULL, NULL, NULL, 'M', '35', 62, NULL, '2024-04-03 04:47:27', '2024-04-03 04:47:27'),
(576, 2, 'GUADALUPE MORALES DIAZ', '15 CALLE ORIENTE  S/N, BARR. MONTE BELLO', NULL, '9623826612', NULL, NULL, NULL, NULL, NULL, 'M', '37', 62, NULL, '2024-04-03 04:47:27', '2024-04-03 04:47:27'),
(577, 2, 'SANDRA CELITA RAMOS BARRIOS', '23 AV. NORTE S/N, BARR. ANAHUAC', NULL, '9622871610', NULL, NULL, NULL, NULL, NULL, 'M', '36', 62, NULL, '2024-04-03 04:47:27', '2024-04-03 04:47:27'),
(578, 2, 'CATALINA DIAZ BRAVO', '9 AV. ORIENTE S/N, BARR. MONTE BELLO', NULL, '9623856612', NULL, NULL, NULL, NULL, NULL, 'M', '77', 62, NULL, '2024-04-03 04:47:27', '2024-04-03 04:47:27'),
(579, 2, 'MARIA PEREZ PEREZ', '31 AV. NORTE NUM. 22, BARR. ANAHUAC', NULL, '9622390944', NULL, NULL, NULL, NULL, NULL, 'M', '61', 62, NULL, '2024-04-03 04:47:27', '2024-04-03 04:47:27'),
(580, 2, 'UZZI JARED ROBLES SANTIZO', '17 CALLE ORIENTE NUM. 54', NULL, '9621851026', NULL, NULL, NULL, NULL, NULL, 'H', '32', 62, NULL, '2024-04-03 04:47:27', '2024-04-03 04:47:27'),
(581, 2, 'NATALIA RAMIREZ LOPEZ', '2 AVENIDA PONIENTE S/N, BARR. MONTE BELLO', NULL, NULL, NULL, NULL, NULL, NULL, NULL, 'M', '59', 62, NULL, '2024-04-03 04:47:27', '2024-04-03 04:47:27'),
(582, 2, 'RAQUEL MADAI GODINEZ DE LEON', 'C 11A ORIENTE 43, BARR. ANAHUAC ', NULL, NULL, NULL, NULL, NULL, NULL, NULL, 'M', '24', 62, NULL, '2024-04-03 04:47:27', '2024-04-03 04:47:27'),
(583, 2, 'BILIA ARELI GODINEZ DE LEON', 'C 11A ORIENTE 43, BARR. ANAHUAC ', NULL, NULL, NULL, NULL, NULL, NULL, NULL, 'M', '26', 62, NULL, '2024-04-03 04:47:27', '2024-04-03 04:47:27'),
(584, 2, 'BRYAN OMAR VICENTE BAUTISTA', 'AV. CENTRAL ORIENTE S/N, BARR. ANAHUAC', NULL, NULL, NULL, NULL, NULL, NULL, NULL, 'H', '18', 62, NULL, '2024-04-03 04:47:27', '2024-04-03 04:47:27'),
(585, 2, 'OMAR VICENTE FRANCISCO', 'C CENTRAL ORIENTE  S/N, BARR. ANAHUAC', NULL, NULL, NULL, NULL, NULL, NULL, NULL, 'H', '40', 62, NULL, '2024-04-03 04:47:27', '2024-04-03 04:47:27'),
(586, 2, 'ERNESTO JAVIER GARCIA PEREZ', 'AV. 31A NORTE S/N, BARR. ANAHUAC', NULL, NULL, NULL, NULL, NULL, NULL, NULL, 'H', '19', 62, NULL, '2024-04-03 04:47:27', '2024-04-03 04:47:27'),
(587, 2, 'KAREN IVON VERDUGO VICENTE', 'AV. 23A NORTE S/N, BARR. ANAHUAC.', NULL, '9624191566', NULL, NULL, NULL, NULL, NULL, 'M', '31', 62, NULL, '2024-04-03 04:47:27', '2024-04-03 04:47:27'),
(588, 2, 'JOSEFA AVERRIAGA PEREZ', 'C 15A ORIENTE Y 29 A NORTE S/N BARR. ANAUAC', NULL, '9621500674', NULL, NULL, NULL, NULL, NULL, 'M', '65', 62, NULL, '2024-04-03 04:47:27', '2024-04-03 04:47:27'),
(589, 3, 'ELVIRA MATILDE MUÑOZ PADILLA', '3A NORTE #44', NULL, '9621224929', NULL, NULL, NULL, NULL, NULL, 'M', NULL, 25, NULL, '2024-04-03 04:47:27', '2024-04-03 04:47:27'),
(590, 3, 'MARINA PADILLA AVALOS', '3A NORTE #44 ', NULL, '9622426589', NULL, NULL, NULL, NULL, NULL, 'M', NULL, 25, NULL, '2024-04-03 04:47:27', '2024-04-03 04:47:27'),
(591, 3, 'MELY PEREZ BARRIOS', '17 ORIENTE', NULL, '9621670909', NULL, NULL, NULL, NULL, NULL, 'M', NULL, 25, NULL, '2024-04-03 04:47:27', '2024-04-03 04:47:27'),
(592, 2, 'MELISA MORALES AGUILAR', 'AV. 31 A NORTE S/N, BARR. ANAHUAC ', NULL, '9622187450', NULL, NULL, NULL, NULL, NULL, 'M', '29', 62, NULL, '2024-04-03 04:47:27', '2024-04-03 04:47:27'),
(593, 2, 'MARTINA AGUILAR PEREZ ', 'C 3A ORIENTE 10, BARR. GUADALUPE', NULL, '9622187450', NULL, NULL, NULL, NULL, NULL, 'M', '56', 62, NULL, '2024-04-03 04:47:27', '2024-04-03 04:47:27'),
(594, 2, 'YOLANDA RAMOS RAMOS', 'C 9A ORIENTE S/N, BARR. ANAHUAC ', NULL, NULL, NULL, NULL, NULL, NULL, NULL, 'M', '33', 62, NULL, '2024-04-03 04:47:27', '2024-04-03 04:47:27'),
(595, 2, 'HEYDY OFELIA HERNANDEZ DE LA  CRUZ ', 'C 19A ORIENTE Y 25 AV. NORTE 21, BARR. BELISARIO DOMINGUEZ', NULL, '9624043730', NULL, NULL, NULL, NULL, NULL, 'M', '36', 62, NULL, '2024-04-03 04:47:27', '2024-04-03 04:47:27'),
(596, 2, 'MARISOL GOMEZ PEREZ ', 'C 9A ORIENTE S/N, BARR. ANAHUAC ', NULL, NULL, NULL, NULL, NULL, NULL, NULL, 'M', '22', 62, NULL, '2024-04-03 04:47:27', '2024-04-03 04:47:27'),
(597, 2, 'LUCIA PEREZ LOPEZ ', 'C 9A ORIENTE S/N, BARR. ANAHUAC ', NULL, NULL, NULL, NULL, NULL, NULL, NULL, 'M', '52', 62, NULL, '2024-04-03 04:47:27', '2024-04-03 04:47:27'),
(598, 2, 'MAXIMO HERNANDEZ BARRIONUEVO', 'C 3A ORIENTE Y 17 A AV NORTE 10 BARR. GUADALUPE', NULL, NULL, NULL, NULL, NULL, NULL, NULL, 'H', '45', 62, NULL, '2024-04-03 04:47:27', '2024-04-03 04:47:27'),
(599, 2, 'FAUSTINO EDMIDO AMESTICA RAMOS', '9 NORTE NUM. 17, BARR. GUADALUPE', NULL, '9622722410', NULL, NULL, NULL, NULL, NULL, 'H', NULL, 57, NULL, '2024-04-03 04:47:27', '2024-04-03 04:47:27'),
(600, 2, 'FERNANDO AMESTICA NIEVES', '9 NORTE NUM. 17, BARR GUADALUPE', NULL, '9622175362', NULL, NULL, NULL, NULL, NULL, 'H', NULL, 57, NULL, '2024-04-03 04:47:27', '2024-04-03 04:47:27'),
(601, 2, 'JOSE JAVID AMESTICA NIEVES', '9 NORTE NUM. 17, BARR GUADALUPE', NULL, '9622935870', NULL, NULL, NULL, NULL, NULL, 'H', NULL, 57, NULL, '2024-04-03 04:47:27', '2024-04-03 04:47:27'),
(602, 2, 'CRISTIAN FAUSTINO TELLO ALFONSO', '9 NORTE S/N ENTRE 17 Y 19 ORIENTE', NULL, '9621475656', NULL, NULL, NULL, NULL, NULL, 'H', NULL, 57, NULL, '2024-04-03 04:47:27', '2024-04-03 04:47:27'),
(603, 2, 'FAUSTINO TELLO MORALES', '9 NORTE S/N ENTRE 17 Y 19 ORIENTE', NULL, '9621475656', NULL, NULL, NULL, NULL, NULL, 'H', NULL, 57, NULL, '2024-04-03 04:47:27', '2024-04-03 04:47:27'),
(604, 2, 'BRAYAN TELLO ALFONSO', '9 NORTE S/N ENTRE 17 Y 19 ORIENTE', NULL, '9621475656', NULL, NULL, NULL, NULL, NULL, 'H', NULL, 57, NULL, '2024-04-03 04:47:27', '2024-04-03 04:47:27'),
(605, 2, 'IRMA ALFONSO MENDEZ', '9 NORTE S/N ENTRE 17 Y 19 ORIENTE', NULL, '9621475656', NULL, NULL, NULL, NULL, NULL, 'M', NULL, 57, NULL, '2024-04-03 04:47:27', '2024-04-03 04:47:27'),
(606, 2, 'GONZALO BARRIOS GONZALEZ', '13 SUR, BARR. ALVARO OBREGON', NULL, '9622836875', NULL, NULL, NULL, NULL, NULL, 'H', NULL, 57, NULL, '2024-04-03 04:47:27', '2024-04-03 04:47:27'),
(607, 2, 'AMANDA ESTEBAN MORALES', NULL, NULL, '9621022371', NULL, NULL, NULL, NULL, NULL, 'M', NULL, 57, NULL, '2024-04-03 04:47:27', '2024-04-03 04:47:27'),
(608, 2, 'ERVIN CHILEL RODAS', '5 CALLE ORIENTE NUM. 20', NULL, '9621703941', NULL, NULL, NULL, NULL, NULL, 'H', NULL, 57, NULL, '2024-04-03 04:47:27', '2024-04-03 04:47:27'),
(609, 2, 'HUGO ESTEBAN CHILEL RODRIGUEZ', NULL, NULL, '9624852361', NULL, NULL, NULL, NULL, NULL, 'H', NULL, 57, NULL, '2024-04-03 04:47:27', '2024-04-03 04:47:27'),
(610, 2, 'MARIO CESAR MENDEZ WONG', NULL, NULL, '9624278533', NULL, NULL, NULL, NULL, NULL, 'H', NULL, 57, NULL, '2024-04-03 04:47:27', '2024-04-03 04:47:27'),
(611, 2, 'GUADALUPE ESPERANZA GARCIA ROBLERO', NULL, NULL, '9625130662', NULL, NULL, NULL, NULL, NULL, 'M', NULL, 57, NULL, '2024-04-03 04:47:27', '2024-04-03 04:47:27'),
(612, 2, 'LUZ DANEYRI BARRIOS GARCIA', NULL, NULL, '9621272397', NULL, NULL, NULL, NULL, NULL, 'M', NULL, 57, NULL, '2024-04-03 04:47:27', '2024-04-03 04:47:27'),
(613, 2, 'VALENTINA SANCHEZ GUZMAN', NULL, NULL, '9624215588', NULL, NULL, NULL, NULL, NULL, 'M', NULL, 57, NULL, '2024-04-03 04:47:27', '2024-04-03 04:47:27'),
(614, 2, 'ALEJANDRA PAMELA GONZALEZ SANCHEZ', NULL, NULL, '9624902366', NULL, NULL, NULL, NULL, NULL, 'M', NULL, 57, NULL, '2024-04-03 04:47:27', '2024-04-03 04:47:27'),
(615, 2, 'SERGIO RAMIREZ GONZALEZ', '15 ORIENTE, BARR. GUADALUPE', NULL, '9613171987', NULL, NULL, NULL, NULL, NULL, 'H', NULL, 57, NULL, '2024-04-03 04:47:27', '2024-04-03 04:47:27'),
(616, 2, 'YENIFER DE LA CRUZ ARGUELLO', '15 ORIENTE, BARR. GUADALUPE', NULL, '9626968169', NULL, NULL, NULL, NULL, NULL, 'M', NULL, 57, NULL, '2024-04-03 04:47:27', '2024-04-03 04:47:27'),
(617, 2, 'AMALIA GONZALEZ GABRIEL', '15 ORIENTE, BARR. GUADALUPE', NULL, '9521811544', NULL, NULL, NULL, NULL, NULL, 'M', NULL, 57, NULL, '2024-04-03 04:47:27', '2024-04-03 04:47:27'),
(618, 2, 'ROMEO RAMIREZ CASTRO', '15 ORIENTE, BARR. GUADALUPE', NULL, '9624573734', NULL, NULL, NULL, NULL, NULL, 'H', NULL, 57, NULL, '2024-04-03 04:47:27', '2024-04-03 04:47:27'),
(619, 2, 'CANDY DE LA CRUZ ARGUELLO', 'FOVISSSTE', NULL, '9621459399', NULL, NULL, NULL, NULL, NULL, 'M', NULL, 57, NULL, '2024-04-03 04:47:27', '2024-04-03 04:47:27'),
(620, 2, 'VICTORIA SANCHEZ VILLANUEVA', '5 AV. SUR ', NULL, '9621507151', NULL, NULL, NULL, NULL, NULL, 'M', NULL, 57, NULL, '2024-04-03 04:47:27', '2024-04-03 04:47:27'),
(621, 2, 'CARMEN RODRIGUEZ LOPEZ', 'AV. 11A NORTE 36', NULL, '5625466654', NULL, NULL, NULL, NULL, NULL, 'M', NULL, 57, NULL, '2024-04-03 04:47:27', '2024-04-03 04:47:27'),
(622, 2, 'INGRID GUADALUPE HERNANEZ SANCHEZ', 'BARRIO GUADALUPE', NULL, '9622884335', NULL, NULL, NULL, NULL, NULL, 'M', NULL, 57, NULL, '2024-04-03 04:47:27', '2024-04-03 04:47:27'),
(623, 2, 'ISIDRO HERNANDEZ SALAS', 'BARRIO GUADALUPE', NULL, '9621074117', NULL, NULL, NULL, NULL, NULL, 'H', NULL, 57, NULL, '2024-04-03 04:47:27', '2024-04-03 04:47:27'),
(624, 2, 'NINIVE JAZMIN PEREZ DE LEON', '13 NORTE', NULL, '9621364703', NULL, NULL, NULL, NULL, NULL, 'M', NULL, 57, NULL, '2024-04-03 04:47:27', '2024-04-03 04:47:27'),
(625, 2, 'ALIX SIRLETH PEREZ DE LEON', '13 NORTE ESQUINA 19 ORIENTE', NULL, '9621364703', NULL, NULL, NULL, NULL, NULL, 'M', NULL, 57, NULL, '2024-04-03 04:47:27', '2024-04-03 04:47:27'),
(626, 2, 'REGINO PEREZ LOPEZ', '13 NORTE ESQUINA 19 ORIENTE', NULL, '9621364703', NULL, NULL, NULL, NULL, NULL, 'H', NULL, 57, NULL, '2024-04-03 04:47:27', '2024-04-03 04:47:27'),
(627, 2, 'EVELIN SILVANA DE LEON SANCHEZ', '13 NORTE ESQUINA 19 ORIENTE', NULL, '9621364703', NULL, NULL, NULL, NULL, NULL, 'M', NULL, 57, NULL, '2024-04-03 04:47:27', '2024-04-03 04:47:27'),
(628, 2, 'JESUS FRANCISCO CIFUENTES DE LEON', '9 NORTE ENTRE 17 PONIENTE, BARR. GUADALUPE', NULL, '9621004188', NULL, NULL, NULL, NULL, NULL, 'H', NULL, 57, NULL, '2024-04-03 04:47:27', '2024-04-03 04:47:27'),
(629, 2, 'MARIA DEL TRANSITO SANCHEZ GUZMAN', '5 NORTE, BARR. GUADALUPE', NULL, '9621136794', NULL, NULL, NULL, NULL, NULL, 'M', NULL, 57, NULL, '2024-04-03 04:47:27', '2024-04-03 04:47:27'),
(630, 2, 'KENIA ROSANA SANCHEZ GUZMAN', 'BARRIO GUADALUPE', NULL, '9621315162', NULL, NULL, NULL, NULL, NULL, 'M', NULL, 57, NULL, '2024-04-03 04:47:27', '2024-04-03 04:47:27'),
(631, 2, 'FLOR PAOLA GONZALEZZ SANCHEZ', 'BARRIO GUADALUPE', NULL, '3715752102', NULL, NULL, NULL, NULL, NULL, 'M', NULL, 57, NULL, '2024-04-03 04:47:27', '2024-04-03 04:47:27'),
(632, 2, 'JOSE JULIAN HERNANDEZ SANCHEZ', '5 NORTE, BARRIO GUADALUPE', NULL, '9621329687', NULL, NULL, NULL, NULL, NULL, 'H', NULL, 57, NULL, '2024-04-03 04:47:27', '2024-04-03 04:47:27'),
(633, 2, 'ENRIQUE CIFUENTES CIFUENTES', 'BARRIO ANAHUAC', NULL, '9621663378', NULL, NULL, NULL, NULL, NULL, 'H', NULL, 57, NULL, '2024-04-03 04:47:27', '2024-04-03 04:47:27'),
(634, 2, 'JESUS ANTONIO CIFUENTES PEREZ', 'BARRIO ANAHUAC', NULL, '9621663378', NULL, NULL, NULL, NULL, NULL, 'H', NULL, 57, NULL, '2024-04-03 04:47:27', '2024-04-03 04:47:27'),
(635, 2, 'DANIELA FLORES PEREZ', 'BARRIO ANAHUAC', NULL, '9621134559', NULL, NULL, NULL, NULL, NULL, 'H', NULL, 57, NULL, '2024-04-03 04:47:27', '2024-04-03 04:47:27'),
(636, 2, 'THELMA LOPEZ AHUMADA', 'BARRIO OBREGON', NULL, '9621661321', NULL, NULL, NULL, NULL, NULL, 'M', NULL, NULL, 27, '2024-04-03 04:47:27', '2024-04-03 04:47:27'),
(637, 2, 'ABRHAM CANEL DOMINGUEZ', NULL, NULL, '9621106167', NULL, NULL, NULL, NULL, NULL, 'H', '35', NULL, 23, '2024-04-03 04:47:27', '2024-04-03 04:47:27'),
(638, 2, 'ALBERTO PEREZ REYNA', 'BARRIO GUADALUPE', NULL, NULL, NULL, NULL, NULL, NULL, NULL, 'H', NULL, NULL, 32, '2024-04-03 04:47:27', '2024-04-03 04:47:27'),
(639, 2, 'ROLANDO MERIDA LOPEZ', 'BARRIO GUADALUPE', NULL, '9621664002', NULL, NULL, NULL, NULL, NULL, 'H', NULL, NULL, 32, '2024-04-03 04:47:27', '2024-04-03 04:47:27'),
(640, 2, 'SANDRA RODRIGUEZ PEREZ', 'BARRIO GUADALUPE', NULL, '9621127627', NULL, NULL, NULL, NULL, NULL, 'M', NULL, NULL, 32, '2024-04-03 04:47:27', '2024-04-03 04:47:27'),
(641, 2, 'DOLORES HEIDI PEREZ JIMENEZ', '7A NORTE #36 BARRIO GUADALUPE', NULL, '9626966219', NULL, NULL, NULL, NULL, NULL, 'M', NULL, NULL, 39, '2024-04-03 04:47:27', '2024-04-03 04:47:27'),
(642, 2, 'VIRIDIANA DIAZ LOPEZ', '9A ORIENTE S/N BARRIO GUADALUPE', NULL, '9624824372', NULL, NULL, NULL, NULL, NULL, 'M', NULL, NULL, 39, '2024-04-03 04:47:27', '2024-04-03 04:47:27'),
(643, 2, 'MARIA ISABEL DIAZ LOPEZ', '7A NORTE #31 BARRIO GUADALUPE', NULL, '9622589310', NULL, NULL, NULL, NULL, NULL, 'M', NULL, NULL, 39, '2024-04-03 04:47:27', '2024-04-03 04:47:27'),
(644, 2, 'CLAUDIA CHONG LOPEZ', '9A CALLE ORIENTE BARRIO GUADALUPE', NULL, '9621178914', NULL, NULL, NULL, NULL, NULL, 'M', NULL, NULL, 39, '2024-04-03 04:47:27', '2024-04-03 04:47:27'),
(645, 2, 'DELBERT GABAEL PEREZ VELAZQUEZ', 'FRACCIÓN FOVISTE', NULL, '9621347815', NULL, NULL, NULL, NULL, NULL, 'H', NULL, NULL, 39, '2024-04-03 04:47:27', '2024-04-03 04:47:27'),
(646, 2, 'CITLALI JAILENE VELAZQUEZ CHONG', '9A CALLE ORIENTE S/N BARRIO GUADALUPE', NULL, '9624819321', NULL, NULL, NULL, NULL, NULL, 'M', NULL, NULL, 39, '2024-04-03 04:47:27', '2024-04-03 04:47:27'),
(647, 2, 'JOSEFINA DIAZ LOPEZ', '11A ORIENTE S/N BARRIO GUADALUPE', NULL, '9623994060', NULL, NULL, NULL, NULL, NULL, 'M', NULL, NULL, 39, '2024-04-03 04:47:27', '2024-04-03 04:47:27'),
(648, 2, 'CRISTABEL LOPEZ OROZCO', '9A CALLE ORIENTE BARRIO GUADALUPE', NULL, '9617139799', NULL, NULL, NULL, NULL, NULL, 'M', NULL, NULL, 39, '2024-04-03 04:47:27', '2024-04-03 04:47:27'),
(649, 2, 'JAVIER BARRIOS OCHOA', '17 OTE ESQ. 15 NORTE BARRIO GUADALUPE', NULL, '9623826258', NULL, NULL, NULL, NULL, NULL, 'H', NULL, NULL, 39, '2024-04-03 04:47:27', '2024-04-03 04:47:27'),
(650, 2, 'GUADALUPE DE JESUS LOPEZ DE LEON', '17 OTE ESQ. 15 NORTE BARRIO GUADALUPE', NULL, '9621035511', NULL, NULL, NULL, NULL, NULL, 'M', NULL, NULL, 39, '2024-04-03 04:47:27', '2024-04-03 04:47:27'),
(651, 2, 'MAXIMINO LOPEZ PEREZ', '11 CALLE OTE BARRIO GUADALUPE', NULL, '9621074783', NULL, NULL, NULL, NULL, NULL, 'H', NULL, NULL, 39, '2024-04-03 04:47:27', '2024-04-03 04:47:27'),
(652, 2, 'JOAQUIN MUÑOZ RUIZ', '7 AV NORTE BARRIO GUADALUPE', NULL, '9626246504', NULL, NULL, NULL, NULL, NULL, 'H', NULL, NULL, 39, '2024-04-03 04:47:27', '2024-04-03 04:47:27'),
(653, 2, 'PEDRO ENRIQUE MUÑOZ RUIZ', '9A CALLE OTE BARRIO GUADALUPE', NULL, '9622922470', NULL, NULL, NULL, NULL, NULL, 'H', NULL, NULL, 39, '2024-04-03 04:47:27', '2024-04-03 04:47:27'),
(654, 2, 'CATRIFACIA LOPEZ GONZALEZ', '9A CALLE OTE BARRIO GUADALUPE', NULL, NULL, NULL, NULL, NULL, NULL, NULL, 'M', NULL, NULL, 39, '2024-04-03 04:47:27', '2024-04-03 04:47:27'),
(655, 2, 'RAMON PEREZ LOPEZ', '9A CALLE OTE BARRIO GUADALUPE', NULL, '9621524228', NULL, NULL, NULL, NULL, NULL, 'H', NULL, NULL, 39, '2024-04-03 04:47:27', '2024-04-03 04:47:27'),
(656, 2, 'MARVIN YOVANY PEREZ LOPEZ', '9A CALLE OTE BARRIO GUADALUPE', NULL, '9612832051', NULL, NULL, NULL, NULL, NULL, 'H', NULL, NULL, 39, '2024-04-03 04:47:27', '2024-04-03 04:47:27'),
(657, 2, 'CARMELITA PEREZ LOPEZ', '9A CALLE OTE BARRIO GUADALUPE', NULL, NULL, NULL, NULL, NULL, NULL, NULL, 'M', NULL, NULL, 39, '2024-04-03 04:47:27', '2024-04-03 04:47:27'),
(658, 2, 'ABRAHAM LOPEZ ESCOBAR', '13 CALLE ORIENTE BARRIO GUADALUPE', NULL, '9621524404', NULL, NULL, NULL, NULL, NULL, 'H', NULL, NULL, 39, '2024-04-03 04:47:27', '2024-04-03 04:47:27'),
(659, 2, 'JAVIER HILARIO MUÑOZ RUIZ', '11 AV NORTE Y 9A BARRIO GUADALUPE', NULL, '9626372345', NULL, NULL, NULL, NULL, NULL, 'H', NULL, NULL, 39, '2024-04-03 04:47:27', '2024-04-03 04:47:27'),
(660, 2, 'MARIA ELBA RODRIGUEZ GARCIA', '11 AV NORTE Y 9A BARRIO GUADALUPE', NULL, '9621419907', NULL, NULL, NULL, NULL, NULL, 'M', NULL, NULL, 39, '2024-04-03 04:47:27', '2024-04-03 04:47:27'),
(661, 2, 'JAVIER ENRIQUE MUÑOZ RODRIGUEZ', '11 AV NORTE Y 9A BARRIO GUADALUPE', NULL, '9621681956', NULL, NULL, NULL, NULL, NULL, 'H', NULL, NULL, 39, '2024-04-03 04:47:27', '2024-04-03 04:47:27'),
(662, 2, 'ENRIQUETA RUIZ HERNANDEZ', '7 NORTE #22 BARRIO GUADALUPE', NULL, NULL, NULL, NULL, NULL, NULL, NULL, 'M', NULL, NULL, 39, '2024-04-03 04:47:27', '2024-04-03 04:47:27'),
(663, 2, 'DAYVELIS VERONICA MARTINEZ PEREZ', '5A CALLE ORIENTE ENTRE 11 Y 9 NORTE, GUADALUPE', NULL, '9622724685', NULL, NULL, NULL, NULL, NULL, 'M', NULL, NULL, 39, '2024-04-03 04:47:27', '2024-04-03 04:47:27'),
(664, 2, 'NOE MORALES GONZALEZ', '11 CALLE ENTRE 15 Y 17 NORTE, GUADALUPE', NULL, '9621879132', NULL, NULL, NULL, NULL, NULL, 'H', NULL, NULL, 39, '2024-04-03 04:47:27', '2024-04-03 04:47:27'),
(665, 2, 'MARIA GUADALUPE SANTIZ GOMEZ', 'BARRIO GUADALUPE', NULL, NULL, NULL, NULL, NULL, NULL, NULL, 'M', NULL, NULL, 32, '2024-04-03 04:47:27', '2024-04-03 04:47:27'),
(666, 2, 'JOEL DE LEON ROBLERO', 'BARRIO MONTE BELLO', NULL, NULL, NULL, NULL, NULL, NULL, NULL, 'H', NULL, NULL, 32, '2024-04-03 04:47:27', '2024-04-03 04:47:27'),
(667, 2, 'ILIANA MORALES VELAZQUEZ', 'BARRIO GUADALUPE', NULL, NULL, NULL, NULL, NULL, NULL, NULL, 'M', NULL, NULL, 32, '2024-04-03 04:47:27', '2024-04-03 04:47:27'),
(668, 2, 'JOSE NARCISO VELAZQUEZ CHAVEZ', 'C 17A OTE. 4A, BARR, GUADALUPE', NULL, NULL, NULL, NULL, NULL, NULL, NULL, 'H', NULL, NULL, 32, '2024-04-03 04:47:27', '2024-04-03 04:47:27'),
(669, 2, 'GADIEL CORONADO MAURICIO', '9A C. OTE. 40', NULL, '96238460..', NULL, NULL, NULL, NULL, NULL, 'H', NULL, NULL, 25, '2024-04-03 04:47:27', '2024-04-03 04:47:27'),
(670, 2, 'ANGEL JESUS CORONADO ROBLERO', '9A C. OTE. 40', NULL, '96238460..', NULL, NULL, NULL, NULL, NULL, 'H', NULL, NULL, 25, '2024-04-03 04:47:27', '2024-04-03 04:47:27'),
(671, 3, 'JACINTO ROBLERO PEREZ', 'C.5A PTE 07 BARRIO MIGUEL HIDALGO', NULL, '5527582127', NULL, NULL, NULL, NULL, NULL, 'H', '57', NULL, NULL, '2024-04-03 05:20:54', '2024-04-03 05:20:54'),
(672, 3, 'RUBELNALDO MORALES VELAZQUEZ', 'AV. 24 NTE 53 BARRIO MIGUEL HIDALGO', NULL, '9624465387', NULL, NULL, NULL, NULL, NULL, 'H', '59', NULL, NULL, '2024-04-03 05:20:54', '2024-04-03 05:20:54'),
(673, 3, 'KATERIN MELISSA BRAVO FIGUEROA', '6A AV NTE S/N B. MIGUEL HIDALGO', NULL, NULL, NULL, NULL, NULL, NULL, NULL, 'M', '25', NULL, NULL, '2024-04-03 05:20:54', '2024-04-03 05:20:54'),
(674, 3, 'ROSALIA MIRANDA DIAZ', '1A NORTE #52 BARRIO GUADALUPE', NULL, NULL, NULL, NULL, NULL, NULL, NULL, 'M', '72', NULL, 115, '2024-04-03 05:20:54', '2024-04-03 05:20:54'),
(675, 3, 'LIDIA BERNABE SOSA', '11 PONIENTE S/N BARRIO MIGUEL HIDALGO', NULL, NULL, NULL, NULL, NULL, NULL, NULL, 'M', '73', NULL, 115, '2024-04-03 05:20:54', '2024-04-03 05:20:54'),
(676, 3, 'JUAN CARLOS GARCÍA VENTURA', 'AV CENTRAL NORTE #58', NULL, NULL, NULL, NULL, NULL, NULL, NULL, 'H', '38', NULL, 115, '2024-04-03 05:20:54', '2024-04-03 05:20:54'),
(677, 3, 'CARLOS BRANDON BENDER SALAS', '1A NORTE #68 BARRIO GUADALUPE', NULL, NULL, NULL, NULL, NULL, NULL, NULL, 'H', '23', NULL, 115, '2024-04-03 05:20:54', '2024-04-03 05:20:54'),
(678, 3, 'GILIBALDO RAMIREZ NORIEGA', '5A ORIENTE #11 COLONIA CENTRO', NULL, NULL, NULL, NULL, NULL, NULL, NULL, 'H', '75', NULL, 115, '2024-04-03 05:20:54', '2024-04-03 05:20:54'),
(679, 3, 'MAGDALENA VAZQUEZ MUÑOZ', '1A AV NORTE #15BARRIO GUADALUPE', NULL, '9623829730', NULL, NULL, NULL, NULL, NULL, 'M', '71', NULL, 115, '2024-04-03 05:20:54', '2024-04-03 05:20:54'),
(680, 3, 'URIBE COELLO CIFUENTES', 'AV 3A NORTE S/N', NULL, NULL, NULL, NULL, NULL, NULL, NULL, 'H', '46', NULL, 115, '2024-04-03 05:20:54', '2024-04-03 05:20:54'),
(681, 3, 'CARLOS BRENDER SANTIZO', 'AV 1A NORTE #68', NULL, NULL, NULL, NULL, NULL, NULL, NULL, 'H', '84', NULL, 115, '2024-04-03 05:20:54', '2024-04-03 05:20:54'),
(682, 3, 'AMANDA AGUSTINA PAZ PEREZ', '9 CALLE ORIENTE #15 BARRIO GUADALUPE', NULL, NULL, NULL, NULL, NULL, NULL, NULL, 'M', '71', NULL, 115, '2024-04-03 05:20:54', '2024-04-03 05:20:54'),
(683, 3, 'DELIA CARRANZA MUÑOZ', '2A AV NORTE #19', NULL, '9626220025', NULL, NULL, NULL, NULL, NULL, 'M', NULL, 25, NULL, '2024-04-03 05:20:54', '2024-04-03 05:20:54'),
(684, 3, 'DORA LUZ CARRANZA MUÑOZ', '2A AV NORTE #21', NULL, '962622045', NULL, NULL, NULL, NULL, NULL, 'M', NULL, 25, NULL, '2024-04-03 05:20:54', '2024-04-03 05:20:54'),
(685, 3, 'ANABEL MUÑOZ PEREZ', '8 AV NORTE #13', NULL, '9621101790', NULL, NULL, NULL, NULL, NULL, 'M', NULL, 25, NULL, '2024-04-03 05:20:54', '2024-04-03 05:20:54'),
(686, 3, 'CRISTIAN DANIEL PEREZ MUÑOZ', '8A NORTE #13', NULL, '9621101790', NULL, NULL, NULL, NULL, NULL, 'H', NULL, 25, NULL, '2024-04-03 05:20:54', '2024-04-03 05:20:54'),
(687, 3, 'RAQUEL MENDEZ HELERIA', '10 AV ENTRE 7A', NULL, '9622426589', NULL, NULL, NULL, NULL, NULL, 'M', NULL, 25, NULL, '2024-04-03 05:20:54', '2024-04-03 05:20:54'),
(688, 3, 'JOSELIN PEREZ MENDEZ', '10A ENTRE 5A Y 7A', NULL, '9622407959', NULL, NULL, NULL, NULL, NULL, 'M', NULL, 25, NULL, '2024-04-03 05:20:54', '2024-04-03 05:20:54'),
(689, 3, 'VICENTE PEREZ VAZQUEZ', '10A ENTRE 5A Y 7A ', NULL, '9626249543', NULL, NULL, NULL, NULL, NULL, 'H', NULL, 25, NULL, '2024-04-03 05:20:54', '2024-04-03 05:20:54'),
(690, 3, 'ADRIANA HERNANDEZ LOPEZ', '6A NORTE 7A PONIENTE', NULL, NULL, NULL, NULL, NULL, NULL, NULL, 'M', NULL, 25, NULL, '2024-04-03 05:20:54', '2024-04-03 05:20:54'),
(691, 3, 'MAYRA YAZMIN HERNANDEZ HERNANDEZ', '6A NORTE 7A PONIENTE', NULL, NULL, NULL, NULL, NULL, NULL, NULL, 'M', NULL, 25, NULL, '2024-04-03 05:20:54', '2024-04-03 05:20:54'),
(692, 3, 'MIRIAM YESENIA HERNANDEZ HERNANDEZ', '6A NORTE 7A PONIENTE', NULL, NULL, NULL, NULL, NULL, NULL, NULL, 'M', NULL, 25, NULL, '2024-04-03 05:20:54', '2024-04-03 05:20:54'),
(693, 3, 'ERUM PEREZ ORDOÑEZ', '8A NORTE Y 7 PONIENTE', NULL, '9621434737', NULL, NULL, NULL, NULL, NULL, 'H', NULL, 25, NULL, '2024-04-03 05:20:54', '2024-04-03 05:20:54'),
(694, 3, 'CLEMENCIA RODRIGUEZ GUZMAN ', '8A NORTE Y 7 PONIENTE', NULL, '9621434737', NULL, NULL, NULL, NULL, NULL, 'M', NULL, 25, NULL, '2024-04-03 05:20:54', '2024-04-03 05:20:54'),
(695, 3, 'FLORINDA MORALES ORTIZ', '8A NORTE Y 7 PONIENTE', NULL, '9622854988', NULL, NULL, NULL, NULL, NULL, 'M', NULL, 25, NULL, '2024-04-03 05:20:54', '2024-04-03 05:20:54'),
(696, 3, 'BRUNO RAMIREZ BAMACA', '8A NORTE Y 7 PONIENTE', NULL, '9622854988', NULL, NULL, NULL, NULL, NULL, 'H', NULL, 25, NULL, '2024-04-03 05:20:54', '2024-04-03 05:20:54'),
(697, 3, 'MANUEL RAMIREZ MORALES', '8A NORTE Y 7 PONIENTE', NULL, '9621117861', NULL, NULL, NULL, NULL, NULL, 'H', NULL, 25, NULL, '2024-04-03 05:20:54', '2024-04-03 05:20:54'),
(698, 3, 'MARLEN PEREZ ROBLERO', '8A NORTE Y 7 PONIENTE', NULL, '9621446033', NULL, NULL, NULL, NULL, NULL, 'M', NULL, 25, NULL, '2024-04-03 05:20:54', '2024-04-03 05:20:54'),
(699, 3, 'GUILLERMO PEREZ RODRIGUEZ', '7A PONIENTE #24', NULL, '9621029799', NULL, NULL, NULL, NULL, NULL, 'H', NULL, 25, NULL, '2024-04-03 05:20:54', '2024-04-03 05:20:54'),
(700, 3, 'QUENIA GUTIERREZ PEÑA', '2A NORTE #40', NULL, '9627078831', NULL, NULL, NULL, NULL, NULL, 'M', NULL, 25, NULL, '2024-04-03 05:20:54', '2024-04-03 05:20:54'),
(701, 3, 'SONIA MAGALI PEÑA RODRIGUEZ', '2A NORTE #40', NULL, '9621132244', NULL, NULL, NULL, NULL, NULL, 'M', NULL, 25, NULL, '2024-04-03 05:20:54', '2024-04-03 05:20:54'),
(702, 3, 'BERNARDA RODRIGUEZ ARMENTO', '9 PONIENTE #2', NULL, '9626221202', NULL, NULL, NULL, NULL, NULL, 'M', NULL, 25, NULL, '2024-04-03 05:20:54', '2024-04-03 05:20:54'),
(703, 3, 'SAUL PEÑA RODRIGUEZ', '9 PONIENTE #2', NULL, '9626221101', NULL, NULL, NULL, NULL, NULL, 'H', NULL, 25, NULL, '2024-04-03 05:20:54', '2024-04-03 05:20:54'),
(704, 3, 'GRICELDA PATRICIA RODRIGUEZ MONTECLARO', '2A NORTE #38', NULL, '9622539492', NULL, NULL, NULL, NULL, NULL, 'M', NULL, 25, NULL, '2024-04-03 05:20:54', '2024-04-03 05:20:54'),
(705, 3, 'FLOR MONTECLARO HERNANDEZ', '2A NORTE #38', NULL, '9622539492', NULL, NULL, NULL, NULL, NULL, 'M', NULL, 25, NULL, '2024-04-03 05:20:54', '2024-04-03 05:20:54'),
(706, 3, 'HUMBERTO RODRIGUEZ DIAZ', '2A NORTE #38', NULL, '9622539492', NULL, NULL, NULL, NULL, NULL, 'H', NULL, 25, NULL, '2024-04-03 05:20:54', '2024-04-03 05:20:54'),
(707, 3, 'FLOR JACQUELINE RODRIGUEZ MONTECLARO', '2A NORTE #38', NULL, '9622539492', NULL, NULL, NULL, NULL, NULL, 'M', NULL, 25, NULL, '2024-04-03 05:20:54', '2024-04-03 05:20:54'),
(708, 3, 'ELIZABETH PEREZ GALVEZ', '3A AV NORTE #17', NULL, '9621512084', NULL, NULL, NULL, NULL, NULL, 'M', NULL, 25, NULL, '2024-04-03 05:20:54', '2024-04-03 05:20:54'),
(709, 3, 'JULIO CESAR RODAS CHIU', '3A AV NORTE #17', NULL, '9621512084', NULL, NULL, NULL, NULL, NULL, 'H', NULL, 25, NULL, '2024-04-03 05:20:54', '2024-04-03 05:20:54'),
(710, 3, 'JUAN CARLOS CANCINO BERNABE', '11A PONIENTE #02', NULL, '9621847932', NULL, NULL, NULL, NULL, NULL, 'H', NULL, 25, NULL, '2024-04-03 05:20:54', '2024-04-03 05:20:54'),
(711, 3, 'JAKORINA GUADALUPE CRISOSTOMO CANCINO', '11A PONIENTE #02', NULL, NULL, NULL, NULL, NULL, NULL, NULL, 'M', NULL, 25, NULL, '2024-04-03 05:20:54', '2024-04-03 05:20:54'),
(712, 3, 'RODOLFO PEÑA RODRIGUEZ', '11A PONIENTE #05', NULL, '9621329508', NULL, NULL, NULL, NULL, NULL, 'H', NULL, 25, NULL, '2024-04-03 05:20:54', '2024-04-03 05:20:54'),
(713, 3, 'KARLA VANESSA SANCHEZ CASTILLO', '11A PONIENTE S/N', NULL, '9623144774', NULL, NULL, NULL, NULL, NULL, 'M', NULL, 25, NULL, '2024-04-03 05:20:54', '2024-04-03 05:20:54'),
(714, 3, 'JUANI SANCHEZ CASTILLO', '11A PONIENTE S/N', NULL, '9623144774', NULL, NULL, NULL, NULL, NULL, 'M', NULL, 25, NULL, '2024-04-03 05:20:54', '2024-04-03 05:20:54'),
(715, 3, 'GREYSI SANCHEZ BARRERA', '2A AV NORTE #58', NULL, '9621325262', NULL, NULL, NULL, NULL, NULL, 'M', NULL, 25, NULL, '2024-04-03 05:20:55', '2024-04-03 05:20:55'),
(716, 3, 'CRUZ SANCHEZ CASTRO', '2A AV NORTE #58', NULL, '9626220360', NULL, NULL, NULL, NULL, NULL, 'H', NULL, 25, NULL, '2024-04-03 05:20:55', '2024-04-03 05:20:55'),
(717, 3, 'MARGARITA BARRERA GONZALEZ', '2A AV NORTE #58', NULL, '9626220360', NULL, NULL, NULL, NULL, NULL, 'M', NULL, 25, NULL, '2024-04-03 05:20:55', '2024-04-03 05:20:55'),
(718, 3, 'CONCEPCIÓN VAZQUEZ ORTIZ', '4A NORTE #25', NULL, '9622840121', NULL, NULL, NULL, NULL, NULL, 'M', NULL, 25, NULL, '2024-04-03 05:20:55', '2024-04-03 05:20:55'),
(719, 3, 'LORENA ELIZABETH RAMIREZ MORALES', '4A NORTE #25', NULL, '9622210744', NULL, NULL, NULL, NULL, NULL, 'M', NULL, 25, NULL, '2024-04-03 05:20:55', '2024-04-03 05:20:55'),
(720, 3, 'FARIDI ADALI ROBLERO VELASCO', '4A NORTE #25', NULL, '9622840121', NULL, NULL, NULL, NULL, NULL, 'M', NULL, 25, NULL, '2024-04-03 05:20:55', '2024-04-03 05:20:55'),
(721, 3, 'ELIZABETH VAZQUEZ ORTIZ', '4A NORTE #25', NULL, '9622840121', NULL, NULL, NULL, NULL, NULL, 'M', NULL, 25, NULL, '2024-04-03 05:20:55', '2024-04-03 05:20:55'),
(722, 3, 'JOSE LUIS VAZQUEZ ORTIZ', '4A NORTE #26', NULL, '9622840121', NULL, NULL, NULL, NULL, NULL, 'H', NULL, 25, NULL, '2024-04-03 05:20:55', '2024-04-03 05:20:55'),
(723, 3, 'MARIA DE LOURDES MANCERA RAMIREZ', '9A Y 11 CALLE PONIENTE', NULL, '9621420094', NULL, NULL, NULL, NULL, NULL, 'M', NULL, 25, NULL, '2024-04-03 05:20:55', '2024-04-03 05:20:55'),
(724, 3, 'IRMA HERNANDEZ SOTO', '7A PONIENTE #20', NULL, NULL, NULL, NULL, NULL, NULL, NULL, 'M', NULL, 25, NULL, '2024-04-03 05:20:55', '2024-04-03 05:20:55'),
(725, 3, 'ALEXIS MENDEZ RODRIGUEZ', '7A PONIENTE #24', NULL, '9621067550', NULL, NULL, NULL, NULL, NULL, 'H', NULL, 25, NULL, '2024-04-03 05:20:55', '2024-04-03 05:20:55'),
(726, 3, 'OFELIA RODRIGUEZ LOPEZ', '7A PONIENTE #24', NULL, '9621067550', NULL, NULL, NULL, NULL, NULL, 'M', NULL, 25, NULL, '2024-04-03 05:20:55', '2024-04-03 05:20:55'),
(727, 3, 'MARTHA LUCINA RUIZ PEREZ', '8A AV NORTE S/N', NULL, '9621961054', NULL, NULL, NULL, NULL, NULL, 'M', NULL, 25, NULL, '2024-04-03 05:20:55', '2024-04-03 05:20:55'),
(728, 3, 'MILAGROS DE JESUS PEREZ RUIZ', '8A AV NORTE S/N', NULL, '9621961054', NULL, NULL, NULL, NULL, NULL, 'M', NULL, 25, NULL, '2024-04-03 05:20:55', '2024-04-03 05:20:55'),
(729, 3, 'ARMANDO PEREZ RUIZ', '8A AV NORTE S/N', NULL, '9621961054', NULL, NULL, NULL, NULL, NULL, 'H', NULL, 25, NULL, '2024-04-03 05:20:55', '2024-04-03 05:20:55'),
(730, 3, 'MARINA RAMIREZ MENDEZ', '9A PONIENTE #15', NULL, NULL, NULL, NULL, NULL, NULL, NULL, 'M', NULL, 25, NULL, '2024-04-03 05:20:55', '2024-04-03 05:20:55'),
(731, 3, 'ANTONIA PEREZ CASTRO', '9A PONIENTE #15', NULL, NULL, NULL, NULL, NULL, NULL, NULL, 'M', NULL, 25, NULL, '2024-04-03 05:20:55', '2024-04-03 05:20:55'),
(732, 3, 'SOL CISNEROS SANCHEZ', '3A NORTE #42B', NULL, '9621757506', NULL, NULL, NULL, NULL, NULL, 'M', NULL, 25, NULL, '2024-04-03 05:20:55', '2024-04-03 05:20:55'),
(733, 3, 'DELIA MARIA CARRANZA MUÑOZ', '2A AV NORTE #19', NULL, '9621031760', NULL, NULL, NULL, NULL, NULL, 'M', NULL, 25, NULL, '2024-04-03 05:20:55', '2024-04-03 05:20:55'),
(734, 3, 'MARIO ALBERTO MANCERA DAVILA', '2A AV NORTE #19', NULL, '9622220180', NULL, NULL, NULL, NULL, NULL, 'H', NULL, 25, NULL, '2024-04-03 05:20:55', '2024-04-03 05:20:55'),
(735, 3, 'BRIANDA SANCHEZ CASTILLO', '2A NORTE #52', NULL, '9621460621', NULL, NULL, NULL, NULL, NULL, 'M', NULL, 25, NULL, '2024-04-03 05:20:55', '2024-04-03 05:20:55'),
(736, 3, 'ADALBERTOCIFUENTES MEJIA', '9A PONIENTE Y 14 BARRIO MIGUEL H.', NULL, '9623829730', NULL, NULL, NULL, NULL, NULL, 'H', NULL, 25, 26, '2024-04-03 05:20:55', '2024-04-03 05:44:29'),
(737, 3, 'MARIA CANDELARIA COTOC CRUZ', '9A PONIENTE Y 14 BARRIO MIGUEL H.', NULL, '9624555799', NULL, NULL, NULL, NULL, NULL, 'M', NULL, 25, 26, '2024-04-03 05:20:55', '2024-04-03 06:17:03'),
(738, 3, 'GISEL COTOC CRUZ', '9A PONIENTE Y 14 BARRIO MIGUEL H.', NULL, '9622772197', NULL, NULL, NULL, NULL, NULL, 'M', NULL, 25, 26, '2024-04-03 05:20:55', '2024-04-03 06:20:38'),
(739, 3, 'JOSUE CIFUENTES COTOC', '9A PONIENTE Y 14 BARRIO MIGUEL H.', NULL, '9622437935', NULL, NULL, NULL, NULL, NULL, 'H', NULL, 25, NULL, '2024-04-03 05:20:55', '2024-04-03 05:20:55'),
(740, 3, 'YOLANDA GILZABE DE LEON MARTINEZ', '9A NORTE #27', NULL, '9621862165', NULL, NULL, NULL, NULL, NULL, 'M', NULL, 25, NULL, '2024-04-03 05:20:55', '2024-04-03 05:20:55'),
(741, 3, 'ISABEL LOPEZ MARTINEZ', '10 AV NORTE Y 9A PONIENTE MIGUEL HIDALGO', NULL, '9624702640', NULL, NULL, NULL, NULL, NULL, 'M', NULL, 25, NULL, '2024-04-03 05:20:55', '2024-04-03 05:20:55'),
(742, 3, 'SILVIA DE LEON MARTINEZ', '10 AV NORTE Y 9A #27 PONIENTE MIGUEL HIDALGO', NULL, '9622922092', NULL, NULL, NULL, NULL, NULL, 'M', NULL, 25, NULL, '2024-04-03 05:20:55', '2024-04-03 05:20:55'),
(743, 3, 'YIMMY JEOVANILOPEZ MARTINEZ', '10 AV NORTE Y 9A #27 PONIENTE MIGUEL HIDALGO', NULL, '9624654181', NULL, NULL, NULL, NULL, NULL, 'H', NULL, 25, NULL, '2024-04-03 05:20:55', '2024-04-03 05:20:55'),
(744, 3, 'ALFREDO DONED JIMENEZ LOPEZ', '10 AV NORTE Y 9A #27 PONIENTE MIGUEL HIDALGO', NULL, '9621532522', NULL, NULL, NULL, NULL, NULL, 'H', NULL, 25, NULL, '2024-04-03 05:20:55', '2024-04-03 05:20:55'),
(745, 3, 'YAHENA ANILU JIMENEZ LOPEZ', '10 AV NORTE Y 9A #27 PONIENTE MIGUEL HIDALGO', NULL, '9621321637', NULL, NULL, NULL, NULL, NULL, 'M', NULL, 25, NULL, '2024-04-03 05:20:55', '2024-04-03 05:20:55'),
(746, 3, 'JOVITA RAMIREZ GONZALEZ', '9A PONIENTE 8A NORTE S/N MIGUEL HIDALGO', NULL, '9622945082', NULL, NULL, NULL, NULL, NULL, 'M', NULL, 25, NULL, '2024-04-03 05:20:55', '2024-04-03 05:20:55'),
(747, 3, 'GEMA BELEN JIMENEZ LOPEZ', '10 AV NORTE #27', NULL, '9621417582', NULL, NULL, NULL, NULL, NULL, 'M', NULL, 25, NULL, '2024-04-03 05:20:55', '2024-04-03 05:20:55'),
(748, 3, 'ALFONSO LOPEZ MARTINEZ', '10 AV NORTE #27', NULL, '9621003515', NULL, NULL, NULL, NULL, NULL, 'H', NULL, 25, NULL, '2024-04-03 05:20:55', '2024-04-03 05:20:55'),
(749, 3, 'GRISELDA LEON MARTINEZ', '10 AV NORTE #27', NULL, '9621081312', NULL, NULL, NULL, NULL, NULL, 'M', NULL, 25, NULL, '2024-04-03 05:20:55', '2024-04-03 05:20:55'),
(750, 3, 'RENE RAMIREZ VAZQUEZ', '10 AV SUR #8 B. MIGUEL HIDALGO', NULL, NULL, NULL, NULL, NULL, NULL, NULL, 'H', NULL, 25, NULL, '2024-04-03 05:20:55', '2024-04-03 05:20:55'),
(751, 3, 'VICTOR PEREZ MERIDA', '12 AV SUR BARRIO MIGUEL HIDALGO', NULL, '9581006883', NULL, NULL, NULL, NULL, NULL, 'H', NULL, 25, NULL, '2024-04-03 05:20:55', '2024-04-03 05:20:55'),
(752, 3, 'RAMONA ISABEL PEREZ VERDUGO', '14 SUR #8 B. MIGUEL HIDALGO', NULL, '9621243630', NULL, NULL, NULL, NULL, NULL, 'M', NULL, 25, NULL, '2024-04-03 05:20:55', '2024-04-03 05:20:55'),
(753, 3, 'CITLALI M. DE LEON CANEL', '14A AV NORTE BARRIO MIGUEL HIDALGO', NULL, '9621528017', NULL, NULL, NULL, NULL, NULL, 'M', NULL, 25, NULL, '2024-04-03 05:20:55', '2024-04-03 05:20:55'),
(754, 3, 'DIANA M. DE LEON CANEL', '14A AV NORTE BARRIO MIGUEL HIDALGO', NULL, '9624044293', NULL, NULL, NULL, NULL, NULL, 'M', NULL, 25, NULL, '2024-04-03 05:20:55', '2024-04-03 05:20:55'),
(755, 3, 'CINTIA YOSELIN DE LEON CANEL', '14A AV NORTE BARRIO MIGUEL HIDALGO', NULL, '9621688702', NULL, NULL, NULL, NULL, NULL, 'M', NULL, 25, NULL, '2024-04-03 05:20:55', '2024-04-03 05:20:55'),
(756, 3, 'ALBA CANEL ESCOBAR', '14 NORTE S/N BARRIO MIGUEL HIDALGO', NULL, '9621370515', NULL, NULL, NULL, NULL, NULL, 'M', NULL, 25, NULL, '2024-04-03 05:20:55', '2024-04-03 05:20:55'),
(757, 3, 'YURIDIA ANAYELI ALVARADO MENDEZ', '5A Y 12 AV BARRIO MIGUEL HIDALGO', NULL, '9621488200', NULL, NULL, NULL, NULL, NULL, 'M', NULL, 25, NULL, '2024-04-03 05:20:55', '2024-04-03 05:20:55'),
(758, 3, 'EVER RAMIREZ MORALES', '8A Y 5A BARRIO MIGUEL HIDALGO', NULL, '9627071500', NULL, NULL, NULL, NULL, NULL, 'H', NULL, 25, NULL, '2024-04-03 05:20:55', '2024-04-03 05:20:55'),
(759, 3, 'DOMIFILA MENDEZ LOPEZ', '12 AV SUR BARRIO MIGUEL HIDALGO', NULL, '9622603966', NULL, NULL, NULL, NULL, NULL, 'M', NULL, 25, NULL, '2024-04-03 05:20:55', '2024-04-03 05:20:55'),
(760, 3, 'MARCO ANTONIO MENDEZ LOPEZ', '12 AV SUR BARRIO MIGUEL HIDALGO', NULL, NULL, NULL, NULL, NULL, NULL, NULL, 'H', NULL, 25, NULL, '2024-04-03 05:20:55', '2024-04-03 05:20:55'),
(761, 3, 'TOMASA LOPEZ AGUILAR', '12 AV SUR BARRIO MIGUEL HIDALGO', NULL, '9621663966', NULL, NULL, NULL, NULL, NULL, 'M', NULL, 25, NULL, '2024-04-03 05:20:55', '2024-04-03 05:20:55'),
(762, 3, 'BRAULIO CASILDO', 'BARRIO OBREGON', NULL, '9621747567', NULL, NULL, NULL, NULL, NULL, 'H', NULL, NULL, 27, '2024-04-03 05:20:55', '2024-04-03 05:20:55'),
(763, 3, 'CARLOS HERMOSILLO', 'BARRIO OBREGON', NULL, '9626229325', NULL, NULL, NULL, NULL, NULL, 'H', NULL, NULL, 27, '2024-04-03 05:20:55', '2024-04-03 05:20:55'),
(764, 3, 'MANUEL DE JESUS RAMIREZ MORALES', '5 AV BARRIO MIGUEL HIDALGO', NULL, '9621117061', NULL, NULL, NULL, NULL, NULL, 'H', NULL, 25, NULL, '2024-04-03 05:20:55', '2024-04-03 05:20:55'),
(765, 3, 'BRUNO G. RAMIREZ MORAALES', '5 AV BARRIO MIGUEL HIDALGO', NULL, NULL, NULL, NULL, NULL, NULL, NULL, 'H', NULL, 25, NULL, '2024-04-03 05:20:55', '2024-04-03 05:20:55'),
(766, 3, 'ROXANA RAMIREZ MIRANDA', '5 AV BARRIO MIGUEL HIDALGO', NULL, '9621450929', NULL, NULL, NULL, NULL, NULL, 'M', NULL, 25, NULL, '2024-04-03 05:20:55', '2024-04-03 05:20:55'),
(767, 3, 'BERENICE RAMIREZ MIRANDA', '5A PONIENTE Y 8A B. MIGUEL HIDALGO', NULL, '9624404190', NULL, NULL, NULL, NULL, NULL, 'M', NULL, 25, NULL, '2024-04-03 05:20:55', '2024-04-03 05:20:55'),
(768, 3, 'AURORA MIRANDA GARCIA', '5A PONIENTE Y 8A B. MIGUEL HIDALGO', NULL, NULL, NULL, NULL, NULL, NULL, NULL, 'M', NULL, 25, NULL, '2024-04-03 05:20:55', '2024-04-03 05:20:55'),
(769, 3, 'AURELIO MIRANDA', '5A PONIENTE Y 8A B. MIGUEL HIDALGO', NULL, NULL, NULL, NULL, NULL, NULL, NULL, 'H', NULL, 25, NULL, '2024-04-03 05:20:55', '2024-04-03 05:20:55'),
(770, 3, 'SIXTO RAMIREZ MARTINEZ', '9A NORTE S/N BARRIO MIGUEL HIDALGO', NULL, NULL, NULL, NULL, NULL, NULL, NULL, 'H', NULL, 25, NULL, '2024-04-03 05:20:55', '2024-04-03 05:20:55'),
(771, 3, 'NARCISO BRAVO PEREZ', '3A Y 5A PONIENTE BARRIO MIGUEL HIDALGO', NULL, NULL, NULL, NULL, NULL, NULL, NULL, 'H', NULL, 25, NULL, '2024-04-03 05:20:55', '2024-04-03 05:20:55'),
(772, 3, 'IRMA RAMIREZ GIJON', '8A NORTE BARRIO MIGUEL HIDALGO', NULL, NULL, NULL, NULL, NULL, NULL, NULL, 'M', NULL, 25, NULL, '2024-04-03 05:20:55', '2024-04-03 05:20:55'),
(773, 3, 'MIRIAM RAMIREZ GIJON', '8A NORTE BARRIO MIGUEL HIDALGO', NULL, '9623850935', NULL, NULL, NULL, NULL, NULL, 'M', NULL, 25, NULL, '2024-04-03 05:20:55', '2024-04-03 05:20:55'),
(774, 3, 'CARMEN PEREZ RUIZ', '7A CALLE PONIENTE #14 BARRIO MIGUEL HIDALGO', NULL, '9626964855', NULL, NULL, NULL, NULL, NULL, 'M', NULL, 25, NULL, '2024-04-03 05:20:55', '2024-04-03 05:20:55'),
(775, 3, 'MANUEL G. HERNADEZ PEREZ', '7A CALLE PONIENTE B. MIGUEL HIDALGO', NULL, '9626964855', NULL, NULL, NULL, NULL, NULL, 'H', NULL, 25, NULL, '2024-04-03 05:20:55', '2024-04-03 05:20:55'),
(776, 3, 'NAZARIO PEREZ RUIZ', '7A CALLE PONIENTE B. MIGUEL HIDALGO', NULL, '9626964855', NULL, NULL, NULL, NULL, NULL, 'H', NULL, 25, NULL, '2024-04-03 05:20:55', '2024-04-03 05:20:55'),
(777, 3, 'MARIA RAMIREZ MENDEZ', '7A CALLE PONIENTE B. MIGUEL HIDALGO', NULL, NULL, NULL, NULL, NULL, NULL, NULL, 'M', NULL, 25, NULL, '2024-04-03 05:20:55', '2024-04-03 05:20:55'),
(778, 3, 'MARGARITA GUADALUPE DE LA PARRA B', '2A CALLE PONIENTE B. MIGUEL HIDALGO', NULL, '9621388440', NULL, NULL, NULL, NULL, NULL, 'M', NULL, 25, NULL, '2024-04-03 05:20:55', '2024-04-03 05:20:55'),
(779, 3, 'MATIAS LOPEZ ALVARADO', '7A PONIENTE #25 B. MIGUEL HIDALGO ', NULL, '9622735903', NULL, NULL, NULL, NULL, NULL, 'H', NULL, 25, NULL, '2024-04-03 05:20:55', '2024-04-03 05:20:55'),
(780, 3, 'ELIDA DE LEON PEREZ', '12 AV NORTE BARRIO MIGUEL HIDALGO', NULL, '9621863526', NULL, NULL, NULL, NULL, NULL, 'M', NULL, 25, NULL, '2024-04-03 05:20:55', '2024-04-03 05:20:55'),
(781, 3, 'ANGELINA PREZ DE LEON', '12 AV NORTE BARRIO MIGUEL HIDALGO', NULL, '9621863526', NULL, NULL, NULL, NULL, NULL, 'M', NULL, 25, NULL, '2024-04-03 05:20:55', '2024-04-03 05:20:55'),
(782, 3, 'MARIA GUADALUPE DE LEON BARTOLON', '12 AV NORTE BARRIO MIGUEL HIDALGO', NULL, NULL, NULL, NULL, NULL, NULL, NULL, 'M', NULL, 25, NULL, '2024-04-03 05:20:55', '2024-04-03 05:20:55'),
(783, 3, 'YOANA MICHELL H. DE LEON', '12 AV NORTE BARRIO MIGUEL HIDALGO', NULL, NULL, NULL, NULL, NULL, NULL, NULL, 'M', NULL, 25, NULL, '2024-04-03 05:20:55', '2024-04-03 05:20:55'),
(784, 3, 'GUILLERMO LOPEZ PEREZ', 'BARRIO MIGUEL HIDALGO', NULL, '9626094263', NULL, NULL, NULL, NULL, NULL, 'H', '52', NULL, 23, '2024-04-03 05:20:55', '2024-04-03 05:20:55'),
(785, 3, 'GUMERCINDO ZARATE U.', 'CENTRAL NTE. 39, BARRIO MIGUEL HIDALGO', NULL, '9626221106', NULL, NULL, NULL, NULL, NULL, 'H', NULL, NULL, 23, '2024-04-03 05:20:55', '2024-04-03 05:20:55'),
(786, 3, 'JEIBIN AZAEL PEREZ GALVEZ', '9 PONIENTE BARRIO MIGUEL HIDALGO', NULL, NULL, NULL, NULL, NULL, NULL, NULL, 'H', NULL, NULL, 39, '2024-04-03 05:20:55', '2024-04-03 05:20:55'),
(787, 3, 'JUAN FERNANDO PEREZ JIMENEZ', 'CENTRAL NORTE #109 BARRIO LA UNIDAD', NULL, '6644072536', NULL, NULL, NULL, NULL, NULL, 'H', NULL, NULL, 39, '2024-04-03 05:20:55', '2024-04-03 05:20:55'),
(788, 3, 'JOCABED RAMIREZ ESTRADA', 'CACAHOATAN', NULL, '9622860034', NULL, NULL, NULL, NULL, NULL, 'M', NULL, NULL, 45, '2024-04-03 05:20:55', '2024-04-03 05:20:55'),
(789, 3, 'ARTURO RAMIREZ MEJIA', 'CACAHOATAN', NULL, '9622052539', NULL, NULL, NULL, NULL, NULL, 'H', NULL, NULL, 45, '2024-04-03 05:20:55', '2024-04-03 05:20:55'),
(790, 3, 'MERCEDES ESTRADA MAZARIEGOS', 'CACAHOATAN', NULL, '9622698185', NULL, NULL, NULL, NULL, NULL, 'M', NULL, NULL, 45, '2024-04-03 05:20:55', '2024-04-03 05:20:55'),
(791, 3, 'CATALINA LOPEZ GARCIA', '4A NTE., BARRIO GUADALUPE', NULL, NULL, NULL, NULL, NULL, NULL, NULL, 'M', NULL, 25, NULL, '2024-04-03 05:20:55', '2024-04-03 05:20:55'),
(792, 3, 'DIDIER VAZQUEZ MUÑOZ', '4A NTE. 18', NULL, NULL, NULL, NULL, NULL, NULL, NULL, 'H', NULL, 25, NULL, '2024-04-03 05:20:55', '2024-04-03 05:20:55'),
(793, 3, 'EMA ELVIA MUÑOZ GARCIA', '4A NTE. 18', NULL, NULL, NULL, NULL, NULL, NULL, NULL, 'M', NULL, 25, NULL, '2024-04-03 05:20:55', '2024-04-03 05:20:55'),
(794, 3, 'ESPERANZA MUÑOZ ARELLANO', 'CENTRAL OTE. 36', NULL, NULL, NULL, NULL, NULL, NULL, NULL, 'M', NULL, 25, NULL, '2024-04-03 05:20:55', '2024-04-03 05:20:55'),
(795, 3, 'DIEGO MORALES MUÑOZ', 'CENTRAL OTE. 36', NULL, NULL, NULL, NULL, NULL, NULL, NULL, 'H', NULL, 25, NULL, '2024-04-03 05:20:55', '2024-04-03 05:20:55'),
(796, 3, 'MATILDE MARILIN MENDEZ DAVILA', '2A OTE. 45 ', NULL, NULL, NULL, NULL, NULL, NULL, NULL, 'M', NULL, 25, NULL, '2024-04-03 05:20:55', '2024-04-03 05:20:55'),
(797, 3, 'MARILIN HERMELINDA DAVILA LOPEZ', '2A OTE. 45', NULL, NULL, NULL, NULL, NULL, NULL, NULL, 'M', NULL, 25, NULL, '2024-04-03 05:20:55', '2024-04-03 05:20:55'),
(798, 3, 'SIMON DAVID MENDEZ DAVILA', '2A OTE. 45', NULL, NULL, NULL, NULL, NULL, NULL, NULL, 'H', NULL, 25, NULL, '2024-04-03 05:20:55', '2024-04-03 05:20:55'),
(799, 3, 'LUIS FELIPE CANCHE MANCERA', '6A AV NTE. 33', NULL, NULL, NULL, NULL, NULL, NULL, NULL, 'H', NULL, 25, NULL, '2024-04-03 05:20:55', '2024-04-03 05:20:55'),
(800, 3, 'EDNA GUADALUPE CANCHE MANCERA', '6A AV NTE. 33', NULL, NULL, NULL, NULL, NULL, NULL, NULL, 'M', NULL, 25, NULL, '2024-04-03 05:20:55', '2024-04-03 05:20:55'),
(801, 3, 'GRICELDA VELAZCO COELLO', '12 AV NTE S/N', NULL, NULL, NULL, NULL, NULL, NULL, NULL, 'M', NULL, 25, NULL, '2024-04-03 05:20:55', '2024-04-03 05:20:55'),
(802, 3, 'ISABEL ROBLERO COELLO', '1 AV NTE S/N', NULL, NULL, NULL, NULL, NULL, NULL, NULL, 'M', NULL, 25, NULL, '2024-04-03 05:20:55', '2024-04-03 05:20:55'),
(803, 3, 'GUADALUPE GARCIA ZOCON', '3A OTE. 43', NULL, NULL, NULL, NULL, NULL, NULL, NULL, 'M', NULL, 25, NULL, '2024-04-03 05:20:55', '2024-04-03 05:20:55'),
(804, 3, 'JULIO CESAR SANDOVAL GALVEZ', '3A OTE. 43', NULL, NULL, NULL, NULL, NULL, NULL, NULL, 'H', NULL, 25, NULL, '2024-04-03 05:20:55', '2024-04-03 05:20:55');

-- --------------------------------------------------------

--
-- Estructura de tabla para la tabla `roles`
--

CREATE TABLE `roles` (
  `id` bigint(20) UNSIGNED NOT NULL,
  `name` varchar(255) NOT NULL,
  `guard_name` varchar(255) NOT NULL,
  `created_at` timestamp NULL DEFAULT NULL,
  `updated_at` timestamp NULL DEFAULT NULL
) ENGINE=InnoDB DEFAULT CHARSET=utf8mb4 COLLATE=utf8mb4_unicode_ci;

--
-- Volcado de datos para la tabla `roles`
--

INSERT INTO `roles` (`id`, `name`, `guard_name`, `created_at`, `updated_at`) VALUES
(1, 'Admin', 'web', '2024-02-28 07:56:19', '2024-02-28 07:56:19'),
(2, 'Ver-Promovidos', 'web', '2024-02-28 07:56:19', '2024-02-28 07:56:19'),
(3, 'Agregar-Promovidos', 'web', '2024-02-28 07:56:19', '2024-02-28 07:56:19'),
(4, 'Actualizar-Promovidos', 'web', '2024-02-28 07:56:19', '2024-02-28 07:56:19'),
(5, 'Eliminar-Promovidos', 'web', '2024-02-28 07:56:19', '2024-02-28 07:56:19');

-- --------------------------------------------------------

--
-- Estructura de tabla para la tabla `role_has_permissions`
--

CREATE TABLE `role_has_permissions` (
  `permission_id` bigint(20) UNSIGNED NOT NULL,
  `role_id` bigint(20) UNSIGNED NOT NULL
) ENGINE=InnoDB DEFAULT CHARSET=utf8mb4 COLLATE=utf8mb4_unicode_ci;

--
-- Volcado de datos para la tabla `role_has_permissions`
--

INSERT INTO `role_has_permissions` (`permission_id`, `role_id`) VALUES
(1, 1),
(1, 2),
(2, 1),
(2, 3),
(3, 1),
(3, 4),
(4, 1),
(4, 5),
(5, 1),
(6, 1),
(7, 1),
(8, 1);

-- --------------------------------------------------------

--
-- Estructura de tabla para la tabla `secciones`
--

CREATE TABLE `secciones` (
  `id` int(11) NOT NULL,
  `seccion` varchar(4) NOT NULL,
  `nombre` varchar(50) NOT NULL,
  `updated_at` timestamp NULL DEFAULT NULL,
  `created_at` timestamp NULL DEFAULT NULL
) ENGINE=InnoDB DEFAULT CHARSET=utf8mb4 COLLATE=utf8mb4_general_ci;

--
-- Volcado de datos para la tabla `secciones`
--

INSERT INTO `secciones` (`id`, `seccion`, `nombre`, `updated_at`, `created_at`) VALUES
(1, '0163', 'BO. LA UNIDAD', NULL, NULL),
(2, '0164', 'BO. GUADALUPE', NULL, NULL),
(3, '0165', 'BO. MIGUEL HIDALGO', NULL, NULL),
(4, '0166', 'COL. CENTRO', NULL, NULL),
(5, '0167', 'BO. EMILIANO ZAPATA', NULL, NULL),
(6, '0168', 'BO. ALVARO OBREGON', NULL, NULL),
(7, '0169', 'BO. TAMARINDO', NULL, NULL),
(8, '0170', 'EJ. AGUACALIENTE', NULL, NULL),
(9, '0171', 'EJ. AZTECA', NULL, NULL),
(10, '0172', 'EJ. BENITO JUAREZ EL PLAN', NULL, NULL),
(11, '0173', 'EJ. EL PLATANAR', NULL, NULL),
(12, '0174', 'EJ. ALPUJARRAS', NULL, NULL),
(13, '0175', 'EJ. EL AGUILA ', NULL, NULL),
(14, '0176', 'EJ. AGUSTIN DE ITURBIDE', NULL, NULL),
(15, '0177', 'EJ. EL PROGRESO', NULL, NULL),
(16, '0178', 'EJ. UNIÓN ROJA', NULL, NULL),
(17, '0179', 'EJ. BENITO JUAREZ SAN VICENTE', NULL, NULL),
(18, '0180', 'EJ. EL CARMEN', NULL, NULL),
(19, '0180', 'EJ. GUATIMOC', NULL, NULL),
(20, '0181', 'EJ. MIXCUM', NULL, NULL),
(21, '0182', 'EJ. FAJA DE ORO', NULL, NULL),
(22, '0183', 'EJ. AHUACATLAN', NULL, NULL),
(23, '0184', 'EJ. SALVADOR URBINA', NULL, NULL),
(24, '0185', 'EJ. ROSARIO IXTAL', NULL, NULL);

-- --------------------------------------------------------

--
-- Estructura de tabla para la tabla `users`
--

CREATE TABLE `users` (
  `id` bigint(20) NOT NULL,
  `name` varchar(255) NOT NULL,
  `email` varchar(255) DEFAULT NULL,
  `email_verified_at` timestamp NULL DEFAULT NULL,
  `telefono` varchar(20) CHARACTER SET utf8mb4 COLLATE utf8mb4_general_ci DEFAULT NULL,
  `password` varchar(255) DEFAULT NULL,
  `remember_token` varchar(100) DEFAULT NULL,
  `rol` varchar(50) CHARACTER SET utf8mb4 COLLATE utf8mb4_general_ci DEFAULT NULL,
  `id_seccion` int(11) DEFAULT NULL,
  `cant_promovidos` int(250) DEFAULT 0,
  `created_at` timestamp NULL DEFAULT NULL,
  `updated_at` timestamp NULL DEFAULT NULL
) ENGINE=InnoDB DEFAULT CHARSET=utf8mb4 COLLATE=utf8mb4_unicode_ci;

--
-- Volcado de datos para la tabla `users`
--

INSERT INTO `users` (`id`, `name`, `email`, `email_verified_at`, `telefono`, `password`, `remember_token`, `rol`, `id_seccion`, `cant_promovidos`, `created_at`, `updated_at`) VALUES
(1, 'Admin', 'Admin@gmail.com', NULL, '9621863131', '$2y$12$xz86Vn0Iajgf5h/EnpcVueuPkjt6s.oTcVFU4phQJnYEG4pIXYzTK', NULL, 'administrador', NULL, 3, '2024-03-08 10:09:05', '2024-03-31 22:46:25'),
(23, 'ARTURO ROBLERO PAZ', NULL, NULL, '9621222471', '$2y$12$tfYd3uIpeNt3F/9j5kQ5Eu37M.sJg9I3C8tNv2bQHuIr8K4wAbw/2', NULL, 'responsable', 1, 0, '2024-03-26 19:45:16', '2024-03-31 22:54:53'),
(25, 'MARIA GUADALUPE MANCERA RAMIREZ', NULL, NULL, '9621373882', '$2y$12$pCovsT8cZcZQXK20Pb.8EO11qK5lfrrTTCNh7YRpDfOWhqVVZbRYq', NULL, 'responsable', 3, 0, '2024-03-26 19:46:16', '2024-03-31 23:13:36'),
(26, 'ANA LUISA MANCERA RAMIREZ', NULL, NULL, '9622948082', '$2y$12$QQ7YpyLFxgFD12XrjL.sjO4gXb1aWdfpxSxrJCZRhRVPYlzjiLeWK', NULL, 'responsable', 4, 0, '2024-03-26 19:46:32', '2024-03-31 23:15:00'),
(27, 'MARIA GUADALUPE LOPEZ MONZON', NULL, NULL, '9624618117', '$2y$12$p8j2atZD4mXWL4//Xtyj2.h2fnu41XVoTwurgcAG0y2a4oRdNC8ty', NULL, 'responsable', 5, 0, '2024-03-26 19:46:44', '2024-03-31 23:19:21'),
(28, 'MARCO VINICIO RABANALES LOPEZ', NULL, NULL, '9626229992', '$2y$12$vZLuT.EkayZWVOzni77.a.dTzdo79UN9ORutq98bNoKsKOdypxOle', NULL, 'responsable', 6, 0, '2024-03-26 19:46:57', '2024-03-31 23:21:30'),
(29, 'VICTOR MANUEL REINA CHILEL', NULL, NULL, '9621842237', '$2y$12$VUO7szNUy.N6Dexe23RLr.sAqN5kLriQUvJeea/59tzoNPUROTKCC', NULL, 'responsable', 6, 0, '2024-03-26 19:47:15', '2024-03-31 23:21:53'),
(31, 'SALUSTIO SALAS ROBLERO', NULL, NULL, '9621346587', '$2y$12$DthIQJO..H/JQjjkiAsblepNi0Lhq1u9NeX.18rU6LPBkUkuFOx1O', NULL, 'responsable', 9, 0, '2024-03-26 19:56:25', '2024-03-31 23:31:44'),
(32, 'ESTEBAN BRAVO VERDUGO', NULL, NULL, '9624906807', '$2y$12$JvZih450bl0J6/Gn4KZCXuf2ELy07pHganvZOawsnyhBo1hAyPmzO', NULL, 'responsable', 10, 0, '2024-03-26 19:56:50', '2024-03-31 23:38:29'),
(33, 'RAMON ESCALANTE VELAZQUEZ', NULL, NULL, '9624593500', '$2y$12$SUup.Fw9n1xlKx6DEnre8uR8VkKcUQGKyb.kZ.YxIfWioK9TJvh3G', NULL, 'responsable', 10, 0, '2024-03-26 19:57:20', '2024-03-31 23:38:44'),
(35, 'RAUL ALEXANDER MANCERA RAMIREZ', NULL, NULL, '9621871999', '$2y$12$ovWAbF8n1wOcGiFXFl4ImelE.B2pcbjE1/rmChhHaqEdzsQQffEju', NULL, 'responsable', 11, 0, '2024-03-26 19:59:09', '2024-03-31 23:46:11'),
(37, 'DAVID ESCOBEDO MORALES', NULL, NULL, '9626954975', '$2y$12$viELPvCGqyPuBvUnugP1YeUKyQSSaY3C4G1mORrjRyAD9TfJenDku', NULL, 'responsable', 14, 0, '2024-03-26 20:00:10', '2024-04-01 00:18:42'),
(38, 'ALEJANDRO SANCHEZ (JANDY)', NULL, NULL, '9621390658', '$2y$12$Blx37w6R5bLirb8LEM2o6.2DD2pxtgifZr4Y7INkYcSHxNFbMV1dG', NULL, 'responsable', 15, 0, '2024-03-26 20:00:28', '2024-04-01 00:28:15'),
(39, 'ABINADAB YOVANI MUÑOZ RODRIGUEZ', NULL, NULL, '9621325378', '$2y$12$hSyvhLIIa5vmnXlXFfyeLuy4gCOD1aopLxTOPVlMuwuDUjcqyILUe', NULL, 'responsable', 12, 0, '2024-03-26 20:03:25', '2024-04-01 00:12:15'),
(40, 'OSCAR DAVID VILLATORO HERNANDEZ', NULL, NULL, '9622447576', '$2y$12$BMziNLRjKIdNZAadbqMFROg5ta2l1Oe7dex5zrj2//c/bFiFJHsr.', NULL, 'responsable', 17, 0, '2024-03-26 20:03:41', '2024-04-01 00:49:24'),
(41, 'MERLY PAOLA MANCERA RAMIREZ', NULL, NULL, '9621159768', '$2y$12$8SFcGfhj1I4QzIzAPBNEDeWWmK0OZPFl7syDljCygQCbdoziM2kge', NULL, 'responsable', 3, 0, '2024-03-26 20:03:51', '2024-03-31 23:14:03'),
(42, 'CARLOTA DEL C. BAUTISTA CASTAÑEDA', NULL, NULL, '9626229305', '$2y$12$HVcLTC06tUVL6AlWt3FTiOXhSCSJo4Jq83lmiKfxnXotvZSzTxJou', NULL, 'responsable', 18, 0, '2024-03-26 20:04:04', '2024-04-01 00:50:56'),
(43, 'VICTOR SALAS ROBLERO', NULL, NULL, '9623304621', '$2y$12$ikSnC7/SpzdqHwXnp86ZWu3KmyLEm97KVYMRZR6X5PclXMCO/80GC', NULL, 'responsable', 19, 0, '2024-03-26 20:04:33', '2024-04-01 00:55:43'),
(44, 'PROFR. CARLOS ALCIRES HERNANDEZ', NULL, NULL, '9621684704', '$2y$12$r5BJ5OhGCUZPPSUMRCL.0u.ZAAMNYMLNzqXgOoENXOnVHm5JKauia', NULL, 'responsable', 20, 0, '2024-03-26 20:04:48', '2024-04-01 01:01:59'),
(45, 'VICTOR MATIAS LOPEZ MEJIA', NULL, NULL, '9621036094', '$2y$12$T2zpbyB9Qi2cjrWyBu6zTuiSRIsWRTjFvWwAFmptt2lP4eR90vOKS', NULL, 'responsable', 20, 0, '2024-03-26 20:05:05', '2024-04-01 01:03:07'),
(47, 'LUT MARGARITA VAZQUEZ MACARIO', NULL, NULL, '9621467112', '$2y$12$34c.T0cUY7iLIpopEXb7Q.RHDo6UdEvPCbwontVhtK19UrPkajPli', NULL, 'responsable', 22, 0, '2024-03-26 20:05:40', '2024-04-01 01:11:54'),
(48, 'RODIMIRO BARRIOS GONZALEZ', NULL, NULL, '9621157447', '$2y$12$LSyCLBZFnTotA0j27pZXpOaBf/RrCWc9zBQTBnvMi1TjMS5.IKU/.', NULL, 'responsable', 23, 0, '2024-03-26 20:05:54', '2024-04-01 01:16:08'),
(50, 'EDUARDO A. BARRIOS MORALES', NULL, NULL, '9622924577', '$2y$12$DzkleN6B5Zd/9NiASsIx7eZ04GLAiBoRQrrnuWFVQS00D7BnfBDge', NULL, 'responsable', 24, 0, '2024-03-26 20:06:18', '2024-04-01 01:16:34'),
(51, 'MADAI DE LEON DIAZ', NULL, NULL, '9625651584', '$2y$12$TigemnLZ/G7OeZeyw.RnmurwTnqgYI6YtwKyjTBNxEfazN7zpFQIm', NULL, 'responsable', 1, 0, '2024-03-26 21:16:02', '2024-03-31 23:01:25'),
(57, 'GONZALO BARRIOS', NULL, NULL, '9621528362', '$2y$12$lSaOHP7TW7i0vlsYozvRxO.bGpJeUEfOW.DV0hY.NUTJeKTG1nkiO', NULL, 'responsable', 2, 0, '2024-03-26 21:25:50', '2024-03-31 23:10:09'),
(58, 'UBALDINO VENTURA', NULL, NULL, '9621021721', '$2y$12$GUarTAIKberZdyjeKacxDeZG.KPL4MnFBoEL7GVyPMXdmSrkSHguC', NULL, 'responsable', 1, 0, '2024-03-26 21:26:12', '2024-03-31 23:00:06'),
(62, 'AVE ALEJANDRA MENDEZ DIAZ', NULL, NULL, '9624857900', '$2y$12$OOZXMCDyW8hImnR1XHeJDOG9ySsbWd1IV8hyVWGER3ndY.oBiPAmS', NULL, 'responsable', 2, 0, '2024-03-28 08:25:10', '2024-03-31 23:10:56'),
(63, 'ELIGIO LOPEZ ROBLERO', NULL, NULL, '9624240657', '$2y$12$PzmXb.fAUDAwmIs0ahr/zOew/ldESmU6bm0./ItuhJ51lapYnd8sS', NULL, 'responsable', 2, 0, '2024-03-28 08:25:31', '2024-03-31 23:11:27'),
(64, 'EFRAIN HERNANDEZ MOLINA', NULL, NULL, '9621067264', '$2y$12$t/RYqX5BuCjJd2wWMfRlWOUqpV0bamvV5YO9ScIWeIMN7PRFKV.Hu', NULL, 'responsable', 2, 0, '2024-03-28 08:26:05', '2024-03-31 23:11:52'),
(65, 'MERCEDES ELIZABETH ESCOBAR SAMAYOA', NULL, NULL, '9621648615', '$2y$12$eKNoCsXJD2VDvqhkXHBFM.c9ekA9ZgI9d71dK.FsW7IYh/A6rhFk2', NULL, 'responsable', 2, 0, '2024-03-28 08:26:28', '2024-03-31 23:12:39'),
(66, 'PROFRA. YOLANDA DE LEON MARTINEZ', NULL, NULL, '9621882165', '$2y$12$imsWZrRxquDtUauM4J5hfuAVs6m4oY7TI1o0jA0k26ta0n8vyfjJq', NULL, 'responsable', 3, 0, '2024-03-28 08:27:54', '2024-03-31 23:14:42'),
(67, 'VIRGINIA LOPEZ CABRERA', NULL, NULL, '9621479464', '$2y$12$fnuH0kq6igfJI.CuopwZAeHAQYPhLaPexaq1Ue2huWzJzJcwvGuzq', NULL, 'responsable', 6, 0, '2024-03-28 08:28:42', '2024-03-31 23:24:37'),
(68, 'XOCHITL NAJERA RODAS', NULL, NULL, '9621081721', '$2y$12$v78V7Qcih8aWEEUrA2RMDumsgsETcERKmUCJtY1HRHJ6MboHuUtcy', NULL, 'responsable', 5, 0, '2024-03-28 08:29:23', '2024-03-31 23:19:44'),
(69, 'NESTOR MORADO NAJERA', NULL, NULL, '9621310091', '$2y$12$82lnzY6AWVqrbm/Oasgq7O7Dq.QiHVnWdhVY73RL9TIAcJ0zPvrei', NULL, 'responsable', 5, 0, '2024-03-28 08:29:55', '2024-03-31 23:20:04'),
(70, 'CHRISTIAN GONZALEZ', NULL, NULL, '9617063342', '$2y$12$Iu.fhflqVZNlAUL5M5eKleOTECt679ke6tNBzV6uKB6eyi5iTr6/y', NULL, 'responsable', 5, 0, '2024-03-28 08:30:07', '2024-03-31 23:20:32'),
(71, 'LUIS FERNANDO LOPEZ GUILLEN', NULL, NULL, '9621394958', '$2y$12$qIK2X13SYIgCxAgmxnNTteT.8V1u7Iw25Lf.oWU8/VVxrwe7X7gn.', NULL, 'responsable', 6, 0, '2024-03-28 08:30:49', '2024-03-31 23:22:57'),
(72, 'DIEGO GONZALEZ', NULL, NULL, '9622331015', '$2y$12$VmtJH5HFdV.kaxtZGIxUDuyZwK.TDmbzEN7sEX1M5LcmH/MuME9rS', NULL, 'responsable', 6, 0, '2024-03-28 08:31:12', '2024-03-31 23:23:28'),
(73, 'ALMADELIA MANCERA RAMIREZ', NULL, NULL, '9621354681', '$2y$12$nM5fvcjnUCNolibq1wVfL.fjWcprFtU7WPlgh6flniR4oAd.gptKy', NULL, 'responsable', 7, 0, '2024-03-28 08:32:38', '2024-03-31 23:25:11'),
(74, 'GLADIS BELEN MANCERA RAMIREZ', NULL, NULL, '9621108749', '$2y$12$Tt6cDvwcJWKfEksBshgn3u49HZobOL2sI.FEXm3Of8VUCLoVcMjhK', NULL, 'responsable', 7, 0, '2024-03-28 08:32:58', '2024-03-31 23:25:36'),
(75, 'ALONDRA MANCERA DAVILA', NULL, NULL, '9623178480', '$2y$12$eXzfubCz0ye9ng.qUBTNfe8JhleQHn3jlkFcE.UBBw1r88BT9yS0i', NULL, 'responsable', 7, 0, '2024-03-28 08:33:12', '2024-03-31 23:25:51'),
(76, 'CONT. VIRGINIA LOPEZ MERIDA', NULL, NULL, '9621933949', '$2y$12$29DG9nFhtREXPyP4ndM/LuZ5iEcvwN1IUuzrecXJzIjCXdcvqWMxa', NULL, 'responsable', 7, 0, '2024-03-28 08:33:54', '2024-03-31 23:26:29'),
(77, 'ANA BELEN CIFUENTES MANCERA', NULL, NULL, '9621330477', '$2y$12$EgmsaL7LclctY6ySG6qTIetbu6QyPbdVtFAz4guW72r0GN2GFVg3S', NULL, 'responsable', 8, 0, '2024-03-28 08:34:45', '2024-03-31 23:27:07'),
(78, 'ARTURO VELAZQUEZ PEREZ (Rancho Quem.)', NULL, NULL, '9622535690', '$2y$12$gl15pntsMVGj5re0vfN.q.n5VoO5KfLqbWN33LOiEx3qZHKm3x0xC', NULL, 'responsable', 9, 0, '2024-03-28 08:35:26', '2024-03-31 23:32:13'),
(79, 'ABELARDO PEREZ HERNANDEZ', NULL, NULL, '9624251516', '$2y$12$GDYjxTjjCRdWpOgDzZ1di.z0ys7vui6pfNr/repYgjGMK192XkCb2', NULL, 'responsable', 9, 0, '2024-03-28 08:35:54', '2024-03-31 23:32:29'),
(80, 'GERARDO PEREZ BARTOLON', NULL, NULL, '9621152390', '$2y$12$OI1OMM7TW2aSFjlnGTOnKeKnJnQgxp960T0w6VhiXdw5CCbLZgvgq', NULL, 'responsale', 10, 0, '2024-03-31 23:41:51', '2024-03-31 23:41:51'),
(81, 'RAMON ARTURO PEREZ ESCOBAR', NULL, NULL, '9621241505', '$2y$12$GXqYAsh8MnOV41PL2gFzy.z74zBMZWUKLGTXiVePAHnkVXQOcfiA6', NULL, 'responsable', 11, 0, '2024-03-31 23:47:05', '2024-03-31 23:47:05'),
(82, 'SANDI LAPARRA RODAS', NULL, NULL, '9625163498', '$2y$12$YcP0aeeKXLKtgKXSroufAu3t6b/h5wM8ZOmaqzpOSB2ymVE9DoZsq', NULL, 'responsable', 11, 0, '2024-03-31 23:47:42', '2024-03-31 23:47:42'),
(83, 'NOEMI PEREZ ROBLERO', NULL, NULL, '9622219073', '$2y$12$a8vcC3NzH0uV8oLTIyLzaOCO/dE.mftxF8V3h09ZB2R.R93k2p8dq', NULL, 'responsable', 11, 0, '2024-03-31 23:48:52', '2024-03-31 23:48:52'),
(84, 'ING. DAVID MIGUEL RAMOS', NULL, NULL, NULL, '$2y$12$5gIVLGiNlcgRyIU.4vQ5POt6C.joYmS.bgKI1PGDRQdKtSgL5JMzS', NULL, 'responsable', 11, 0, '2024-03-31 23:49:42', '2024-03-31 23:49:42'),
(85, 'VICTOR NOEL MERIDA SANTOS', NULL, NULL, '9622921183', '$2y$12$Bd3kXlLc3UbMgnaAOGZ9pODlaMgCtuCVA69tyk5sMySN2WM4vLj66', NULL, 'responsable', 12, 0, '2024-04-01 00:12:58', '2024-04-01 00:12:58'),
(86, 'ESAU (Montecristo)', NULL, NULL, '9622854647', '$2y$12$NMi6329MRLQnSE/0ObGu0.hPLC1GAHWBPXmiBWFB.GilZrdBUY8D6', NULL, 'responsable', 12, 0, '2024-04-01 00:13:23', '2024-04-01 00:13:23'),
(87, 'ROSALBA OCHOA', NULL, NULL, '9621013685', '$2y$12$bLpWH6tSgDC06DK2Cjfby.qqmlRCWzdImG52fU7e1nAK1mpyhLYc2', NULL, 'responsable', 12, 0, '2024-04-01 00:14:02', '2024-04-01 00:14:02'),
(88, 'JORGE ROMÉNIGUE DIAZ BAMACA', NULL, NULL, '9621132446', '$2y$12$ubu5F4OiGAk5PFjrn7iUA.NJuNfIQpV0jde38SZn8jnNDA2fW1Yde', NULL, 'responsable', 12, 0, '2024-04-01 00:14:31', '2024-04-01 00:14:31'),
(89, 'ING. JOSE ANGEL ESCALANTE ORANTES', NULL, NULL, NULL, '$2y$12$Xi5rK1zA9VF17Ep2CdDK1uVet0zDWfai5g7VnagrZMsjgZlqKO6jm', NULL, 'responsable', 13, 0, '2024-04-01 00:16:16', '2024-04-01 00:16:16'),
(90, 'ING. PATRICIA LOPEZ ORTIZ', NULL, NULL, NULL, '$2y$12$5k1uXgqO8QEq6jGi2ZRCR.y1yOB22ubAebs2kWgyRS9.KysuknaO.', NULL, 'responsable', 13, 0, '2024-04-01 00:16:47', '2024-04-01 00:16:47'),
(91, 'CAROLINA', NULL, NULL, '9623091720', '$2y$12$urv5va2WM.q/o4PA5c1OQOlLAsjl2Hhcln7DtNMSDrT0BdrCBjW7e', NULL, 'responsable', 13, 0, '2024-04-01 00:18:01', '2024-04-01 00:18:01'),
(92, 'AIME BALTAZAR', NULL, NULL, '9624239019', '$2y$12$fPKJCaKuA0NB3V3Vv/6uZ.LqENH8xYxWVWvdga6Bh/E2bEOqe3dhK', NULL, 'responsable', 14, 0, '2024-04-01 00:19:08', '2024-04-01 00:19:08'),
(93, 'KARLA MONSERRAT VILLATORO GARCIA', NULL, NULL, '9625089647', '$2y$12$8trRmKQj8i710uJFlJGNou9wslcURdRVs6RXPH348u4gJtJuqnKwe', NULL, 'responsable', 14, 0, '2024-04-01 00:19:41', '2024-04-01 00:19:41'),
(94, 'LUCIENI ESCALANTE CHUN', NULL, NULL, '9624582110', '$2y$12$e8ruufPZNLEfK7msSkT5HuUPiMmk01vY8eou9Bw6t5HxvURV/hycW', NULL, 'responsable', 15, 0, '2024-04-01 00:28:48', '2024-04-01 00:28:48'),
(95, 'SELENIVAZQUEZ DE LEON', NULL, NULL, '9626093041', '$2y$12$Nj9ONArgT1120/uJVq96MelFQRk5nsQI9qcQ8LfM1ECTP/wy7Fpiq', NULL, 'responsable', 15, 0, '2024-04-01 00:45:34', '2024-04-01 00:45:34'),
(96, 'RAFAEL EDUARDO DE LOS REYES RAMIREZ', NULL, NULL, '9616667171', '$2y$12$aWQnF26kya98epFCBaT1rOc3qaPc6AGcCJteDw.WQphhUphWr0voW', NULL, 'responsable', 16, 0, '2024-04-01 00:46:31', '2024-04-01 00:46:31'),
(97, 'JESUS A. JUAREZ RODRIGUEZ', NULL, NULL, '9621048265', '$2y$12$AEYvW25l.EO3NRldh476fOd1d2HPT1EtuEo.SHNOT2zdVrFpQ3Eie', NULL, 'responsable', 18, 0, '2024-04-01 00:51:37', '2024-04-01 00:51:37'),
(98, 'JUANITA ARBITRO', NULL, NULL, '9622881390', '$2y$12$aPxsHPX.lFA8Ps22gLEveObtmwl3w8npaDRXN5E.O4PbhZI3xI9k6', NULL, 'responsable', 18, 0, '2024-04-01 00:52:02', '2024-04-01 00:52:02'),
(99, 'JUAN CARLOS GALLARDO', NULL, NULL, '9622534421', '$2y$12$EPcDOQ75BBKdrzlzxRUM.uG/B.z1eGdxWkJhpEtIj43vzy3wfWKRK', NULL, 'responsable', 19, 0, '2024-04-01 00:56:30', '2024-04-01 00:56:30'),
(100, 'CONSUELO SANCHEZ', NULL, NULL, '9624277428', '$2y$12$q5gGuS/KrebYQBIuOl3BJuntvW/7sSQHr1ROsbq6yWSJax1MMK4u2', NULL, 'responsable', 19, 0, '2024-04-01 00:57:14', '2024-04-01 00:57:14'),
(101, 'ROEL GERONIMO VELAZQUEZ', NULL, NULL, '9622723158', '$2y$12$hTZtbW9GauXuzdZRX012.uZhwapP2A6GSH/RoHSJ2BSJCmaWTU8DK', NULL, 'responsable', 20, 0, '2024-04-01 01:04:00', '2024-04-01 01:04:00'),
(102, 'JORGE LOPEZ DIAZ', NULL, NULL, '9622167016', '$2y$12$nDOedmYrFbX1xaM05VUgLefLFQLnbjbgNGgIR5gaHVbqhJNzy9nkC', NULL, 'responsable', 20, 0, '2024-04-01 01:04:41', '2024-04-01 01:04:41'),
(103, 'MARICELA PINEDA ZUNUR (2 de mayo)', NULL, NULL, '9622167016', '$2y$12$vF8s2h1xZLMHId/bBBjSS.QmZDYosYSWD31y2AH4ElPid4WoP2YmO', NULL, 'responsable', 20, 0, '2024-04-01 01:05:20', '2024-04-01 01:05:20'),
(104, 'MARTHA VELASQUEZ', NULL, NULL, '9621213019', '$2y$12$TAYFVNVtmB9MPpC505hj1.Hhzx2niiuYzD5AogGuDuEY7MorYveXm', NULL, 'responsable', 21, 0, '2024-04-01 01:06:29', '2024-04-01 01:06:29'),
(105, 'OTILIO AGUILAR CANCINO', NULL, NULL, '9621309266', '$2y$12$b9OfAvPUpmH8fEuodQWeMuWw0UNl8U6qZb3U/1IDMODySL/r3jT7q', NULL, 'responsable', 21, 0, '2024-04-01 01:06:57', '2024-04-01 09:16:02'),
(106, 'ALFONSO A. VELASQUEZ ANTON', NULL, NULL, '9624035059', '$2y$12$1deiQO9.5Gsc3pa4G313wODXyZJd.bwV8SCE6Y8X21kfJfVlaP9G6', NULL, 'responsable', 21, 0, '2024-04-01 01:07:43', '2024-04-01 09:18:43'),
(107, 'ESAU GOMEZ', NULL, NULL, NULL, '$2y$12$YFYfsB0nxzyV8Ds6gNVVcecC3jzccyz6z1/sTsAv3sSuLihXVv4z6', NULL, 'responsable', 21, 0, '2024-04-01 01:08:38', '2024-04-01 01:08:38'),
(108, 'JERSON ELI BARRIOS GONZALEZ', NULL, NULL, '9621126527', '$2y$12$PxCVXd7ctiCf3EPu1n95ru1DZwAfb7E3SuYofHQ15NUvprsLfolqG', NULL, 'responsable', 22, 0, '2024-04-01 01:12:31', '2024-04-01 01:12:31'),
(109, 'PROFR. ALAN KEVIN RAMOS VILLALOBOS', NULL, NULL, '9621489079', '$2y$12$NRhAiQxj7cnxZB7eZq4qaOpRu4gM5POHXucQyR1ID29hfGWM0aYoK', NULL, 'responsable', 22, 0, '2024-04-01 01:13:31', '2024-04-01 01:13:31'),
(110, 'HECTOR ROBERTO TAVERNIER MONTES', NULL, NULL, '9612887161', '$2y$12$X5PIvf03Fx1wIi59DtiCdueVIUWFGb.y9LS1e76zvg6wptqX94d4q', NULL, 'responsable', 22, 0, '2024-04-01 01:14:29', '2024-04-01 01:14:29'),
(111, 'PROFR. FRANCISCO JAVIER GOMEZ AGUILAR', NULL, NULL, '9621361477', '$2y$12$wSQUMDm7udWlWrOxxlNO8uufUptVVMBVvV9jZxhDPLCBykx7a.h6u', NULL, 'responsable', 22, 0, '2024-04-01 01:15:04', '2024-04-01 01:15:04'),
(112, 'SANTITA ISENY MORALES TEMA', NULL, NULL, '9621493247', '$2y$12$Ylod/wCwHhVB6Ba1Jk.zm.sYPEz3yZG07YuCISvkjfo4gFD2PRW/e', NULL, 'responsable', 24, 0, '2024-04-01 01:16:57', '2024-04-01 01:16:57'),
(113, 'ABELINO GARCIA ZACARIAS', NULL, NULL, '9621042736', '$2y$12$GCroS4gwkotpEdkwcco51eYaTbv2DuLf4.CT3gFpbEfdMPSt8.d/q', NULL, 'responsable', 24, 0, '2024-04-01 01:17:19', '2024-04-01 01:17:19'),
(114, 'ING. FERNANDO ARREVILLAGA', NULL, NULL, '9621423496', '$2y$12$1ctyRMRE.Qp0VQEDwYBaHO3NDT45GEoAQmAdUASnpa3fov5lNxg1O', NULL, 'responsable', 24, 0, '2024-04-01 01:18:02', '2024-04-01 01:18:02'),
(115, 'AMANDA PAZ', NULL, NULL, NULL, '$2y$12$UBziWpZLpolASlUuZJsBC.Tck5o54P19ctb8Xj8vJ2gg2eLEhWzFK', NULL, 'promotor', 1, 0, '2024-04-01 07:55:42', '2024-04-01 07:55:42'),
(116, 'ZOCORRO PAZ', NULL, NULL, NULL, '$2y$12$dzZQAbbY6outebkjndMCueJcggaQc0Lr9Zw4urZkCyKGg3gN4tVaO', NULL, 'promotor', 1, 0, '2024-04-01 07:56:42', '2024-04-01 07:56:42'),
(117, 'PABLO TORRE BLANCA', NULL, NULL, NULL, '$2y$12$HQzoJ8dUl.MtjswOuhgPl..Z9g6ImHxh1.7pUDW13m2to77sWVjn6', NULL, 'promotor', 1, 0, '2024-04-01 07:57:40', '2024-04-01 07:57:40'),
(118, 'RAUL RODAS', NULL, NULL, NULL, '$2y$12$dbvIJr/cj.kCXJeJcG1fEegHJt2Suc7L1YrKoG4c4hwAOCJeAD.Jy', NULL, 'promotor', 1, 0, '2024-04-01 07:58:35', '2024-04-01 07:58:35'),
(119, 'ESTHER', NULL, NULL, NULL, '$2y$12$Ip2Mv8J9lER0BfhYX4gJAuKTIwXhBKlzcFeRusbnYgzLgfawqhdJ.', NULL, 'promotor', 1, 0, '2024-04-01 08:01:29', '2024-04-01 08:01:29'),
(120, 'YUSELMI ROBLERO', NULL, NULL, NULL, '$2y$12$SsqrnPVRrku5tpioz2oI6Odi73V7xZVliKVrsUeb4JYo5E0zgM0Eq', NULL, 'promotor', 1, 0, '2024-04-01 08:04:11', '2024-04-01 08:04:11'),
(121, 'GLENDIS GOMEZ PINEDA', NULL, NULL, NULL, '$2y$12$qlbtarZ.8ZqqXBs3rEl.leaelAEyMeGdows6JEhKXkT1IAuV1SNvS', NULL, 'promotor', 1, 0, '2024-04-01 08:05:04', '2024-04-01 08:05:04'),
(122, 'GABRIEL REYNOSA ORTIZ', NULL, NULL, NULL, '$2y$12$5Bh5e1kbhhjdIvPhpEphNO/oZiNG7JzReUwV.fqe56NJ73KVAR0Aq', NULL, 'promotor', 11, 0, '2024-04-01 08:34:34', '2024-04-01 08:34:34'),
(123, 'JUAN CARLOS DE LEON R.', NULL, NULL, NULL, '$2y$12$tBHBPENEF.WpdYRUooUdMufqg/NsuR2so1wCfbanXpltR/Lihzn9q', NULL, 'promotor', 18, 0, '2024-04-01 08:41:05', '2024-04-01 08:41:05'),
(124, 'PATRICIA DE LEON', NULL, NULL, NULL, '$2y$12$pV25mtGtw8YN.RwpCrxxcu8LJdlR4si1dsB4VCW6tK12g0FwRjA3S', NULL, 'promotor', 20, 0, '2024-04-01 08:46:34', '2024-04-01 08:46:34'),
(125, 'ERODITA CASTILLO M.', NULL, NULL, NULL, '$2y$12$uvUSny.9xb4BWC8suYvTX.52EjbE3PhhSYq4CDrMBStWi4x.4YzFK', NULL, 'promotor', 20, 0, '2024-04-01 08:47:10', '2024-04-01 08:47:10'),
(126, 'TERESITA MORALES O.', NULL, NULL, NULL, '$2y$12$Tg9Obn5diRUIAC.dgfuD7eW7uoLAJL1azKRi9sti2CieRAkI30VlC', NULL, 'promotor', 20, 0, '2024-04-01 08:47:47', '2024-04-01 08:47:47'),
(127, 'FRANCISCA GOMEZ DIAZ', NULL, NULL, NULL, '$2y$12$cCIDOCGp9ekP9xUcdPr5NeIeb8LUmMxjRjDJNmSFPixaEuJe4aioa', NULL, 'promotor', 20, 0, '2024-04-01 08:48:22', '2024-04-01 08:48:22'),
(128, 'FLOR DE MARIA DE LEON M.', NULL, NULL, NULL, '$2y$12$sq2VpvjChX96o12qa0UAluBTp4KoK6PIE3fyqKxJ.zSxOjqCMv882', NULL, 'promotor', 20, 0, '2024-04-01 08:49:19', '2024-04-01 08:49:19'),
(129, 'MARLENE PEREZ MALO', NULL, NULL, NULL, '$2y$12$PsHCtG0gI/lkSvt3j4iyjOLd1uOll4Z/4VB66NTAcMERV/DebXMVS', NULL, 'promotor', 20, 0, '2024-04-01 08:50:26', '2024-04-01 08:50:26'),
(130, 'LETICIA MAZARIEGOS LOPEZ', NULL, NULL, NULL, '$2y$12$cDGbS/xj4gnJOAXO4MQVVe5msmUuSPkIxTRLLcibjKXXzvHNsWhwe', NULL, 'promotor', 20, 0, '2024-04-01 08:50:51', '2024-04-01 08:50:51'),
(131, 'TOMAS GOMEZ PEREZ', NULL, NULL, NULL, '$2y$12$YkfDOCmBWoDpAnkr5qjODudWFO6Oi8h2u3lzlcAkITQtap7NmkiRu', NULL, 'promotor', 20, 0, '2024-04-01 08:51:45', '2024-04-01 08:51:45'),
(132, 'ROSA ELENA GOMEZ', NULL, NULL, NULL, '$2y$12$5hW32f0QNTH4V16.XqpdvOr3gY8FXm1Fx8uz7m/wK/jGvszPMVbNO', NULL, 'promotor', 20, 0, '2024-04-01 08:52:19', '2024-04-01 08:52:19'),
(133, 'TERESA DE JESUS ROBLERO', NULL, NULL, NULL, '$2y$12$chdnCT61RSLNy6qGZGVsOePpf/BANNIdBl/LEFE12r.yeKSBNEwgS', NULL, 'promotor', 20, 0, '2024-04-01 08:52:49', '2024-04-01 08:52:49'),
(134, 'MONICA LIZBETH CASTILLO', NULL, NULL, NULL, '$2y$12$QyG64HkRNdAXaYVozhnXOuoDHcVrRo8jBhT4HwC9EfsZIP6mpLCkm', NULL, 'promotor', 20, 0, '2024-04-01 08:53:35', '2024-04-01 08:53:35'),
(135, 'JUAN MEJIA MORALES', NULL, NULL, NULL, '$2y$12$PZSgCP4OJ6Ma6cWW8lW.0Oy7cUni7dayBDZ9mn7m1WTlLOfu.adie', NULL, 'promotor', 20, 0, '2024-04-01 08:54:07', '2024-04-01 08:54:07'),
(136, 'GUSTAVO GIRON BARRIOS', NULL, NULL, NULL, '$2y$12$wWoHczs0iiOHFZv5AUiFyuWzNM9oK4sW8VfVnfU3SOOcMADkn05qm', NULL, 'promotor', 20, 0, '2024-04-01 08:54:33', '2024-04-01 08:54:33'),
(137, 'FRANCISCO JAVIER BARRIOS', NULL, NULL, NULL, '$2y$12$6s.Xxh6QK1otQpJcFA506OaKf2jodZy5QlEq5crdTHAbYWI1aLjqe', NULL, 'promotor', 20, 0, '2024-04-01 08:55:08', '2024-04-01 08:55:08'),
(138, 'CRISTIAN GOMEZ TEMA', NULL, NULL, NULL, '$2y$12$K6uprz/0FfKh/eQ6xV4ke.AhcLQuxp.AaxosQdGR7mASVqyXjLXmm', NULL, 'promotor', 20, 0, '2024-04-01 08:55:51', '2024-04-01 08:55:51'),
(139, 'HORACIO ALFARO DIAZ', NULL, NULL, NULL, '$2y$12$DccQRJdja/aEd1R8xAxty.q80/TLF4mQ.xwfs0TQiHzLykK5rRujG', NULL, 'promotor', 20, 0, '2024-04-01 08:56:24', '2024-04-01 08:56:24'),
(140, 'OTOLIO VELAZQUEZ BAMACA', NULL, NULL, NULL, '$2y$12$e60DxZUyjjKbBl4uKHBQpuBRFPKRO65JVZ.xDbA5cSrUOWpui07iO', NULL, 'promotor', 20, 0, '2024-04-01 08:56:52', '2024-04-01 08:56:52'),
(141, 'NIDIA NELLY GOMEZ', NULL, NULL, NULL, '$2y$12$HWtbMpJOykQD7xC8tkhu2OpLCg49qCbIGoQ8FwAKbGXKjnrscbW26', NULL, 'promotor', 20, 0, '2024-04-01 08:57:17', '2024-04-01 08:57:17'),
(142, 'EMELITO RAMOS VAZQUEZ', NULL, NULL, NULL, '$2y$12$4nZkSBmQEKrCLXuAAMyuZe7FCAlK1P1JnEOX/WJqifwoW8QeRT2WW', NULL, 'promotor', 20, 0, '2024-04-01 08:57:38', '2024-04-01 08:57:38'),
(143, 'YULMA LAPARRA GERONIMO', NULL, NULL, NULL, '$2y$12$WspltIHOaT0u.u.h75Zhc.sM3zhe50B9WB37cJh6OVhAu0tligzJi', NULL, 'promotor', 20, 0, '2024-04-01 08:58:12', '2024-04-01 08:58:12'),
(144, 'GONZALO PEREZ MORALES', NULL, NULL, NULL, '$2y$12$jfO9v.4gwqrKA0wnb56yv.QD3UA6J6aNhwlxBZD.8.n5QZJaIkmvG', NULL, 'promotor', 20, 0, '2024-04-01 08:58:33', '2024-04-01 08:58:33'),
(145, 'NAU LAPARRA SANCHEZ', NULL, NULL, NULL, '$2y$12$QkGrKVo6yaiflaJvHvlKP.UQa/VVyNMlceUIzcrbSCZJpHZoUlfcK', NULL, 'promotor', 20, 0, '2024-04-01 08:59:00', '2024-04-01 08:59:00'),
(146, 'DANIEL BRAVO VELAZQUEZ', NULL, NULL, NULL, '$2y$12$2q4TlDe43ohKDSwCu10ko.CXJLkKh.3GE3EWZziGKMTVIMA8WXqxO', NULL, 'promotor', 20, 0, '2024-04-01 08:59:20', '2024-04-01 08:59:20'),
(147, 'DEVORA PAZ LAPARRA', NULL, NULL, NULL, '$2y$12$5TwJsf0UK30W6lR3xNmeAer6KKsY6IRQxEYhxKAOmrC7u9dmXbEbm', NULL, 'promotor', 20, 0, '2024-04-01 08:59:56', '2024-04-01 08:59:56'),
(148, 'LILIANA VAZQUEZ BARTOLON', NULL, NULL, NULL, '$2y$12$LXAzAcTmfKuMtyGAXVrX5e0lJVmm1zJNfGC7Df4bZxPGa7pls4npe', NULL, 'promotor', 20, 0, '2024-04-01 09:00:25', '2024-04-01 09:00:25'),
(149, 'MARISOL SOLIS ORELLANA', NULL, NULL, NULL, '$2y$12$ZQ2.jVfybXhDijtJF.dxOeILDRsHvCHqy7NsSQnYL3AwWvwtTgICq', NULL, 'promotor', 20, 0, '2024-04-01 09:01:05', '2024-04-01 09:01:05'),
(150, 'LILIANA RAMIREZ OVALLE', NULL, NULL, NULL, '$2y$12$TfgqcSZ5EJwVfqD79Uj7jOrWR3xdbtDzHxPTFPwCet97USnfWlxcq', NULL, 'promotor', 21, 0, '2024-04-01 09:03:56', '2024-04-01 09:03:56'),
(151, 'ROSALINDA GORDILLO ALVARADO', NULL, NULL, NULL, '$2y$12$6k.uSvjIisGc/jA3K4aIv..E2OwEvaG0.i8RK47Ytopu05nNL..9O', NULL, 'promotor', 21, 0, '2024-04-01 09:04:26', '2024-04-01 09:04:26'),
(152, 'VICTOR MANUEL PINEDA GALVEZ', NULL, NULL, NULL, '$2y$12$4c1K64Z6WM.kJFW129XAIOaNVfGw28R9XqJg.ccLACkSX8qQHnDx.', NULL, 'promotor', 21, 0, '2024-04-01 09:05:09', '2024-04-01 09:05:09'),
(153, 'ESPERANZA RAMIREZ RODAS', NULL, NULL, NULL, '$2y$12$5pIJ.k7nrr/oDdUAWCqtmexUCuqePcDX6hTdc.j1YA28yBsgv4qjm', NULL, 'promotor', 21, 0, '2024-04-01 09:05:56', '2024-04-01 09:05:56'),
(154, 'EVELYN MIRON ROBLERO', NULL, NULL, NULL, '$2y$12$xpHtHIR3G/LiLmJBYAu8NeZrKv5NqkNQoJ0B75tSyrjUvT0f5rRwS', NULL, 'promotor', 21, 0, '2024-04-01 09:06:36', '2024-04-01 09:06:36'),
(155, 'DIDIER SALDAÑA PEREZ', NULL, NULL, NULL, '$2y$12$zE4/inQLBfaTIgkvbcfuu.cctKX3a6086k4WbEtnLLdn255mPcapi', NULL, 'promotor', 21, 0, '2024-04-01 09:07:30', '2024-04-01 09:07:30'),
(156, 'ROSEMBERG GONZALEZ HERNANDEZ', NULL, NULL, NULL, '$2y$12$btKjb.G6oyFPb5wuDr.1Lexo8KBHw93y7O2X0zqSCz3l6Cp67ByYm', NULL, 'promotor', 21, 0, '2024-04-01 09:08:16', '2024-04-01 09:08:16'),
(157, 'ELIZABETH ROBLEDO CASTAÑEDA', NULL, NULL, NULL, '$2y$12$n2/TsuLUbtcGflAbB5l7S.EvJgkr7./F5LGJRS0hhvlKalr1tWPaS', NULL, 'promotor', 21, 0, '2024-04-01 09:09:04', '2024-04-01 09:09:04'),
(158, 'MIGUEL ROBLEDO R.', NULL, NULL, NULL, '$2y$12$cV.0dlJY0m9ECPsi7OzRluwKohVzdY2Gh8TJMrJg0O4TumMd9vkUy', NULL, 'promotor', 21, 0, '2024-04-01 09:09:49', '2024-04-01 09:09:49'),
(159, 'LUCI VELAZQUEZ AGUSTIN', NULL, NULL, NULL, '$2y$12$HKlrbbrG8RjQiF8x8bnWcuCz6GDehjg4LIPehmAOe2YIw/N/FFOeK', NULL, 'promotor', 21, 0, '2024-04-01 09:10:29', '2024-04-01 09:10:29'),
(160, 'LIZETH ROBLERO LOPEZ', NULL, NULL, NULL, '$2y$12$/r5Ni5Bz.NF0jZqAi18NP.Xdw7WrVTHLYRH0VCBF8AEcM4DpzTx5y', NULL, 'promotor', 21, 0, '2024-04-01 09:10:56', '2024-04-01 09:10:56'),
(161, 'HORTENCIA PEREZ GARCIA', NULL, NULL, NULL, '$2y$12$ogGWMzpk5TIalU3l8JvTAum78hlesJakJJuwg/jCx2OUITF5Rxq8m', NULL, 'promotor', 21, 0, '2024-04-01 09:11:36', '2024-04-01 09:11:36'),
(162, 'ISIDRO ROBLERO PEREZ', NULL, NULL, NULL, '$2y$12$Dkg9EzBDia.biOlCi26u.eQrAE6AnQt9pz3PqV.kAx3BGeT0/eXGW', NULL, 'promotor', 21, 0, '2024-04-01 09:12:08', '2024-04-01 09:12:08'),
(163, 'ARNOLDO GONZALEZ ORTIZ', NULL, NULL, NULL, '$2y$12$dY2jXqq9d3ibnScNaFMpaOtJhnx9ebqXLycCH5qyyRCueyo2BsaOK', NULL, 'promotor', 21, 0, '2024-04-01 09:12:42', '2024-04-01 09:12:42'),
(164, 'MERLIN CECILIA GALLARDO', NULL, NULL, NULL, '$2y$12$s13ZK98KabLOuN6Ckk7DJ.K8wbshkstgX8GwagAagx0u61VK0jxsO', NULL, 'promotor', 21, 0, '2024-04-01 09:13:09', '2024-04-01 09:13:09'),
(165, 'OCTAVIANO VELAZQUEZ VELAZQUEZ', NULL, NULL, NULL, '$2y$12$34kL/WkATNjMpr8ZJEOfPOITCwAHu07DfK0AyjOrxQGsxE5QIZiLa', NULL, 'promotor', 21, 0, '2024-04-01 09:13:58', '2024-04-01 09:13:58'),
(166, 'JUAN CARLOS CRUZ MONTEJO', NULL, NULL, NULL, '$2y$12$5HJczi5KZItG2frO4UvmN.sVK.4pxe/rXLE8GNIxBtBDl3V7Kg0Se', NULL, 'promotor', 21, 0, '2024-04-01 09:14:20', '2024-04-01 09:14:20'),
(167, 'CANDELARIA MARROQUIN', NULL, NULL, NULL, '$2y$12$nhJwmISsApR38OIZXWwdPeuSVe2LHdE6OvWKFQjrE/ndGVbPrJSl6', NULL, 'promotor', 21, 0, '2024-04-01 09:14:53', '2024-04-01 09:14:53'),
(168, 'SALOME MALDONADO HERNANDEZ', NULL, NULL, NULL, '$2y$12$BR/J9uEDnTdHGGuHtHu/lOfnWSZtqk3s42eC224i7aUKeSTwMgOem', NULL, 'promotor', 21, 0, '2024-04-01 09:16:50', '2024-04-01 09:16:50'),
(169, 'ADELA PEREZ LOPEZ', NULL, NULL, NULL, '$2y$12$j9xwAKP2/nXaX3eg4MX21OKWw9X94obEBc1n6M/W4X3iYsTA18kMy', NULL, 'promotor', 21, 0, '2024-04-01 09:17:38', '2024-04-01 09:17:38'),
(170, 'CARLOS E. MENDEZ C.', NULL, NULL, NULL, '$2y$12$vftTiFA86AG7nBHsxnvjJeIpMEg6e4c5D6lpnvZVvc.q1JmD5XPPq', NULL, 'promotor', 21, 0, '2024-04-01 09:19:41', '2024-04-01 09:19:41'),
(171, 'DEBORA MEJIA CASTRO', NULL, NULL, NULL, '$2y$12$atPR1hzPPcy5bnVq27.W8ObbHYhQ1ahclSFUiyuzpEgEP3j7g9rIa', NULL, 'promotor', 21, 0, '2024-04-01 09:20:05', '2024-04-01 09:20:05'),
(172, 'DARINEL ROBLERO', NULL, NULL, NULL, '$2y$12$/Rmgj.4JQQ24b9JKzS31W.j4kZZo3xHsNr09YXKyjSsbLtW8VZdpi', NULL, 'promotor', 24, 0, '2024-04-01 17:57:06', '2024-04-01 17:57:06');

--
-- Índices para tablas volcadas
--

--
-- Indices de la tabla `failed_jobs`
--
ALTER TABLE `failed_jobs`
  ADD PRIMARY KEY (`id`),
  ADD UNIQUE KEY `failed_jobs_uuid_unique` (`uuid`);

--
-- Indices de la tabla `migrations`
--
ALTER TABLE `migrations`
  ADD PRIMARY KEY (`id`);

--
-- Indices de la tabla `model_has_permissions`
--
ALTER TABLE `model_has_permissions`
  ADD PRIMARY KEY (`permission_id`,`model_id`,`model_type`),
  ADD KEY `model_has_permissions_model_id_model_type_index` (`model_id`,`model_type`);

--
-- Indices de la tabla `model_has_roles`
--
ALTER TABLE `model_has_roles`
  ADD PRIMARY KEY (`role_id`,`model_id`,`model_type`),
  ADD KEY `model_has_roles_model_id_model_type_index` (`model_id`,`model_type`);

--
-- Indices de la tabla `observaciones`
--
ALTER TABLE `observaciones`
  ADD PRIMARY KEY (`id`);

--
-- Indices de la tabla `observacion_promovido`
--
ALTER TABLE `observacion_promovido`
  ADD PRIMARY KEY (`id`),
  ADD KEY `id_promovido` (`promovido_id`),
  ADD KEY `id_observacion` (`observacion_id`);

--
-- Indices de la tabla `ocupaciones`
--
ALTER TABLE `ocupaciones`
  ADD PRIMARY KEY (`id`);

--
-- Indices de la tabla `password_reset_tokens`
--
ALTER TABLE `password_reset_tokens`
  ADD PRIMARY KEY (`email`);

--
-- Indices de la tabla `permissions`
--
ALTER TABLE `permissions`
  ADD PRIMARY KEY (`id`),
  ADD UNIQUE KEY `permissions_name_guard_name_unique` (`name`,`guard_name`);

--
-- Indices de la tabla `personal_access_tokens`
--
ALTER TABLE `personal_access_tokens`
  ADD PRIMARY KEY (`id`),
  ADD UNIQUE KEY `personal_access_tokens_token_unique` (`token`),
  ADD KEY `personal_access_tokens_tokenable_type_tokenable_id_index` (`tokenable_type`,`tokenable_id`);

--
-- Indices de la tabla `promovidos`
--
ALTER TABLE `promovidos`
  ADD PRIMARY KEY (`id`),
  ADD UNIQUE KEY `clave_elec` (`clave_elec`),
  ADD KEY `id_usuario` (`id_usuario`),
  ADD KEY `id_ocupacion` (`id_ocupacion`),
  ADD KEY `seccion_elec` (`id_seccion`),
  ADD KEY `id_promotor` (`id_promotor`);

--
-- Indices de la tabla `roles`
--
ALTER TABLE `roles`
  ADD PRIMARY KEY (`id`),
  ADD UNIQUE KEY `roles_name_guard_name_unique` (`name`,`guard_name`);

--
-- Indices de la tabla `role_has_permissions`
--
ALTER TABLE `role_has_permissions`
  ADD PRIMARY KEY (`permission_id`,`role_id`),
  ADD KEY `role_has_permissions_role_id_foreign` (`role_id`);

--
-- Indices de la tabla `secciones`
--
ALTER TABLE `secciones`
  ADD PRIMARY KEY (`id`);

--
-- Indices de la tabla `users`
--
ALTER TABLE `users`
  ADD PRIMARY KEY (`id`),
  ADD UNIQUE KEY `users_email_unique` (`email`),
  ADD KEY `seccion` (`id_seccion`);

--
-- AUTO_INCREMENT de las tablas volcadas
--

--
-- AUTO_INCREMENT de la tabla `failed_jobs`
--
ALTER TABLE `failed_jobs`
  MODIFY `id` bigint(20) UNSIGNED NOT NULL AUTO_INCREMENT;

--
-- AUTO_INCREMENT de la tabla `migrations`
--
ALTER TABLE `migrations`
  MODIFY `id` int(10) UNSIGNED NOT NULL AUTO_INCREMENT, AUTO_INCREMENT=8;

--
-- AUTO_INCREMENT de la tabla `observaciones`
--
ALTER TABLE `observaciones`
  MODIFY `id` int(11) NOT NULL AUTO_INCREMENT, AUTO_INCREMENT=15;

--
-- AUTO_INCREMENT de la tabla `observacion_promovido`
--
ALTER TABLE `observacion_promovido`
  MODIFY `id` int(11) NOT NULL AUTO_INCREMENT, AUTO_INCREMENT=24;

--
-- AUTO_INCREMENT de la tabla `ocupaciones`
--
ALTER TABLE `ocupaciones`
  MODIFY `id` bigint(20) NOT NULL AUTO_INCREMENT, AUTO_INCREMENT=17;

--
-- AUTO_INCREMENT de la tabla `permissions`
--
ALTER TABLE `permissions`
  MODIFY `id` bigint(20) UNSIGNED NOT NULL AUTO_INCREMENT, AUTO_INCREMENT=9;

--
-- AUTO_INCREMENT de la tabla `personal_access_tokens`
--
ALTER TABLE `personal_access_tokens`
  MODIFY `id` bigint(20) UNSIGNED NOT NULL AUTO_INCREMENT;

--
-- AUTO_INCREMENT de la tabla `promovidos`
--
ALTER TABLE `promovidos`
  MODIFY `id` int(11) NOT NULL AUTO_INCREMENT, AUTO_INCREMENT=806;

--
-- AUTO_INCREMENT de la tabla `roles`
--
ALTER TABLE `roles`
  MODIFY `id` bigint(20) UNSIGNED NOT NULL AUTO_INCREMENT, AUTO_INCREMENT=6;

--
-- AUTO_INCREMENT de la tabla `secciones`
--
ALTER TABLE `secciones`
  MODIFY `id` int(11) NOT NULL AUTO_INCREMENT, AUTO_INCREMENT=25;

--
-- AUTO_INCREMENT de la tabla `users`
--
ALTER TABLE `users`
  MODIFY `id` bigint(20) NOT NULL AUTO_INCREMENT, AUTO_INCREMENT=174;

--
-- Restricciones para tablas volcadas
--

--
-- Filtros para la tabla `model_has_permissions`
--
ALTER TABLE `model_has_permissions`
  ADD CONSTRAINT `model_has_permissions_permission_id_foreign` FOREIGN KEY (`permission_id`) REFERENCES `permissions` (`id`) ON DELETE CASCADE;

--
-- Filtros para la tabla `model_has_roles`
--
ALTER TABLE `model_has_roles`
  ADD CONSTRAINT `model_has_roles_role_id_foreign` FOREIGN KEY (`role_id`) REFERENCES `roles` (`id`) ON DELETE CASCADE;

--
-- Filtros para la tabla `observacion_promovido`
--
ALTER TABLE `observacion_promovido`
  ADD CONSTRAINT `observacion_promovido_ibfk_1` FOREIGN KEY (`observacion_id`) REFERENCES `observaciones` (`id`) ON DELETE NO ACTION ON UPDATE NO ACTION,
  ADD CONSTRAINT `observacion_promovido_ibfk_2` FOREIGN KEY (`promovido_id`) REFERENCES `promovidos` (`id`) ON DELETE CASCADE ON UPDATE CASCADE;

--
-- Filtros para la tabla `promovidos`
--
ALTER TABLE `promovidos`
  ADD CONSTRAINT `promovidos_ibfk_2` FOREIGN KEY (`id_ocupacion`) REFERENCES `ocupaciones` (`id`) ON DELETE NO ACTION ON UPDATE NO ACTION,
  ADD CONSTRAINT `promovidos_ibfk_3` FOREIGN KEY (`id_usuario`) REFERENCES `users` (`id`) ON DELETE CASCADE ON UPDATE CASCADE,
  ADD CONSTRAINT `promovidos_ibfk_4` FOREIGN KEY (`id_seccion`) REFERENCES `secciones` (`id`) ON DELETE NO ACTION ON UPDATE NO ACTION,
  ADD CONSTRAINT `promovidos_ibfk_5` FOREIGN KEY (`id_promotor`) REFERENCES `users` (`id`) ON DELETE NO ACTION ON UPDATE NO ACTION;

--
-- Filtros para la tabla `role_has_permissions`
--
ALTER TABLE `role_has_permissions`
  ADD CONSTRAINT `role_has_permissions_permission_id_foreign` FOREIGN KEY (`permission_id`) REFERENCES `permissions` (`id`) ON DELETE CASCADE,
  ADD CONSTRAINT `role_has_permissions_role_id_foreign` FOREIGN KEY (`role_id`) REFERENCES `roles` (`id`) ON DELETE CASCADE;

--
-- Filtros para la tabla `users`
--
ALTER TABLE `users`
  ADD CONSTRAINT `users_ibfk_1` FOREIGN KEY (`id_seccion`) REFERENCES `secciones` (`id`) ON DELETE NO ACTION ON UPDATE NO ACTION;
COMMIT;

/*!40101 SET CHARACTER_SET_CLIENT=@OLD_CHARACTER_SET_CLIENT */;
/*!40101 SET CHARACTER_SET_RESULTS=@OLD_CHARACTER_SET_RESULTS */;
/*!40101 SET COLLATION_CONNECTION=@OLD_COLLATION_CONNECTION */;
